# INSERT


## COUNTRIES

```sql
INSERT INTO stateorregions (code, name, country_id, code3166, subdivision_id)
VALUES

('CO-AMA', 'Amazonas', '170', 'CO-AMA', 1),
('CO-ANT', 'Antioquia', '170', 'CO-ANT', 1),
('CO-ARA', 'Arauca', '170', 'CO-ARA', 1),
('CO-ATL', 'Atlántico', '170', 'CO-ATL', 1),
('CO-BOL', 'Bolívar', '170', 'CO-BOL', 1),
('CO-BOY', 'Boyacá', '170', 'CO-BOY', 1),
('CO-CAL', 'Caldas', '170', 'CO-CAL', 1),
('CO-CAQ', 'Caquetá', '170', 'CO-CAQ', 1),
('CO-CAS', 'Casanare', '170', 'CO-CAS', 1),
('CO-CAU', 'Cauca', '170', 'CO-CAU', 1),
('CO-CES', 'Cesar', '170', 'CO-CES', 1),
('CO-CHO', 'Chocó', '170', 'CO-CHO', 1),
('CO-CUN', 'Cundinamarca', '170', 'CO-CUN', 1),
('CO-COR', 'Córdoba', '170', 'CO-COR', 1),
('CO-DC', 'Distrito Capital de Bogotá', '170', 'CO-DC', 2),
('CO-GUA', 'Guainía', '170', 'CO-GUA', 1),
('CO-GUV', 'Guaviare', '170', 'CO-GUV', 1),
('CO-HUI', 'Huila', '170', 'CO-HUI', 1),
('CO-LAG', 'La Guajira', '170', 'CO-LAG', 1),
('CO-MAG', 'Magdalena', '170', 'CO-MAG', 1),
('CO-MET', 'Meta', '170', 'CO-MET', 1),
('CO-NAR', 'Nariño', '170', 'CO-NAR', 1),
('CO-NSA', 'Norte de Santander', '170', 'CO-NSA', 1),
('CO-PUT', 'Putumayo', '170', 'CO-PUT', 1),
('CO-QUI', 'Quindío', '170', 'CO-QUI', 1),
('CO-RIS', 'Risaralda', '170', 'CO-RIS', 1),
('CO-SAP', 'San Andrés, Providencia y Santa Catalina', '170', 'CO-SAP', 1),
('CO-SAN', 'Santander', '170', 'CO-SAN', 1),
('CO-SUC', 'Sucre', '170', 'CO-SUC', 1),
('CO-TOL', 'Tolima', '170', 'CO-TOL', 1),
('CO-VAC', 'Valle del Cauca', '170', 'CO-VAC', 1),
('CO-VAU', 'Vaupés', '170', 'CO-VAU', 1),
('CO-VID', 'Vichada', '170', 'CO-VID', 1),
('US-AL', 'Alabama', '840', 'US-AL', 1),
('US-AK', 'Alaska', '840', 'US-AK', 1),
('US-AS', 'American Samoa', '840', 'US-AS', 3),
('US-AZ', 'Arizona', '840', 'US-AZ', 1),
('US-AR', 'Arkansas', '840', 'US-AR', 1),
('US-CA', 'California', '840', 'US-CA', 1),
('US-CO', 'Colorado', '840', 'US-CO', 1),
('US-CT', 'Connecticut', '840', 'US-CT', 1),
('US-DE', 'Delaware', '840', 'US-DE', 1),
('US-DC', 'District of Columbia', '840', 'US-DC', 2),
('US-FL', 'Florida', '840', 'US-FL', 1),
('US-GA', 'Georgia', '840', 'US-GA', 1),
('US-GU', 'Guam', '840', 'US-GU', 3),
('US-HI', 'Hawaii', '840', 'US-HI', 1),
('US-ID', 'Idaho', '840', 'US-ID', 1),
('US-IL', 'Illinois', '840', 'US-IL', 1),
('US-IN', 'Indiana', '840', 'US-IN', 1),
('US-IA', 'Iowa', '840', 'US-IA', 1),
('US-KS', 'Kansas', '840', 'US-KS', 1),
('US-KY', 'Kentucky', '840', 'US-KY', 1),
('US-LA', 'Louisiana', '840', 'US-LA', 1),
('US-ME', 'Maine', '840', 'US-ME', 1),
('US-MD', 'Maryland', '840', 'US-MD', 1),
('US-MA', 'Massachusetts', '840', 'US-MA', 1),
('US-MI', 'Michigan', '840', 'US-MI', 1),
('US-MN', 'Minnesota', '840', 'US-MN', 1),
('US-MS', 'Mississippi', '840', 'US-MS', 1),
('US-MO', 'Missouri', '840', 'US-MO', 1),
('US-MT', 'Montana', '840', 'US-MT', 1),
('US-NE', 'Nebraska', '840', 'US-NE', 1),
('US-NV', 'Nevada', '840', 'US-NV', 1),
('US-NH', 'New Hampshire', '840', 'US-NH', 1),
('US-NJ', 'New Jersey', '840', 'US-NJ', 1),
('US-NM', 'New Mexico', '840', 'US-NM', 1),
('US-NY', 'New York', '840', 'US-NY', 1),
('US-NC', 'North Carolina', '840', 'US-NC', 1),
('US-ND', 'North Dakota', '840', 'US-ND', 1),
('US-MP', 'Northern Mariana Islands', '840', 'US-MP', 3),
('US-OH', 'Ohio', '840', 'US-OH', 1),
('US-OK', 'Oklahoma', '840', 'US-OK', 1),
('US-OR', 'Oregon', '840', 'US-OR', 1),
('US-PA', 'Pennsylvania', '840', 'US-PA', 1),
('US-PR', 'Puerto Rico', '840', 'US-PR', 3),
('US-RI', 'Rhode Island', '840', 'US-RI', 1),
('US-SC', 'South Carolina', '840', 'US-SC', 1),
('US-SD', 'South Dakota', '840', 'US-SD', 1),
('US-TN', 'Tennessee', '840', 'US-TN', 1),
('US-TX', 'Texas', '840', 'US-TX', 1),
('US-UM', 'United States Minor Outlying Islands', '840', 'US-UM', 3),
('US-UT', 'Utah', '840', 'US-UT', 1),
('US-VT', 'Vermont', '840', 'US-VT', 1),
('US-VI', 'Virgin Islands, U.S.', '840', 'US-VI', 3),
('US-VA', 'Virginia', '840', 'US-VA', 1),
('US-WA', 'Washington', '840', 'US-WA', 1),
('US-WV', 'West Virginia', '840', 'US-WV', 1),
('US-WI', 'Wisconsin', '840', 'US-WI', 1),
('US-WY', 'Wyoming', '840', 'US-WY', 1);
```
## SUBDIVISIONES
```sql

INSERT INTO subdivisioncategories (description) VALUES
('Departamento'),
('Distrito Capital'),
('Municipio'),
('Territorio Indígena'),
('Área Metropolitana');
```
## STATEORREGIONS

```sql
INSERT INTO stateorregions (code, name, country_id, code3166, subdivision_id)
VALUES
('CO-AMA', 'Amazonas', '170', 'CO-AMA', 1),
('CO-ANT', 'Antioquia', '170', 'CO-ANT', 1),
('CO-ARA', 'Arauca', '170', 'CO-ARA', 1),
('CO-ATL', 'Atlántico', '170', 'CO-ATL', 1),
('CO-BOL', 'Bolívar', '170', 'CO-BOL', 1),
('CO-BOY', 'Boyacá', '170', 'CO-BOY', 1),
('CO-CAL', 'Caldas', '170', 'CO-CAL', 1),
('CO-CAQ', 'Caquetá', '170', 'CO-CAQ', 1),
('CO-CAS', 'Casanare', '170', 'CO-CAS', 1),
('CO-CAU', 'Cauca', '170', 'CO-CAU', 1),
('CO-CES', 'Cesar', '170', 'CO-CES', 1),
('CO-CHO', 'Chocó', '170', 'CO-CHO', 1),
('CO-CUN', 'Cundinamarca', '170', 'CO-CUN', 1),
('CO-COR', 'Córdoba', '170', 'CO-COR', 1),
('CO-DC', 'Distrito Capital de Bogotá', '170', 'CO-DC', 2),
('CO-GUA', 'Guainía', '170', 'CO-GUA', 1),
('CO-GUV', 'Guaviare', '170', 'CO-GUV', 1),
('CO-HUI', 'Huila', '170', 'CO-HUI', 1),
('CO-LAG', 'La Guajira', '170', 'CO-LAG', 1),
('CO-MAG', 'Magdalena', '170', 'CO-MAG', 1),
('CO-MET', 'Meta', '170', 'CO-MET', 1),
('CO-NAR', 'Nariño', '170', 'CO-NAR', 1),
('CO-NSA', 'Norte de Santander', '170', 'CO-NSA', 1),
('CO-PUT', 'Putumayo', '170', 'CO-PUT', 1),
('CO-QUI', 'Quindío', '170', 'CO-QUI', 1),
('CO-RIS', 'Risaralda', '170', 'CO-RIS', 1),
('CO-SAP', 'San Andrés, Providencia y Santa Catalina', '170', 'CO-SAP', 1),
('CO-SAN', 'Santander', '170', 'CO-SAN', 1),
('CO-SUC', 'Sucre', '170', 'CO-SUC', 1),
('CO-TOL', 'Tolima', '170', 'CO-TOL', 1),
('CO-VAC', 'Valle del Cauca', '170', 'CO-VAC', 1),
('CO-VAU', 'Vaupés', '170', 'CO-VAU', 1),
('CO-VID', 'Vichada', '170', 'CO-VID', 1);
```
## CITIES
```sql
INSERT INTO citiesormunicipalities (code, name, statereg_id) 
VALUES 
('05001', 'MEDELLIN', 'CO-ANT'),
('05002', 'ABEJORRAL', 'CO-ANT'),
('05004', 'ABRIAQUI', 'CO-ANT'),
('05021', 'ALEJANDRIA', 'CO-ANT'),
('05030', 'AMAGA', 'CO-ANT'),
('05031', 'AMALFI', 'CO-ANT'),
('05034', 'ANDES', 'CO-ANT'),
('05036', 'ANGELOPOLIS', 'CO-ANT'),
('05038', 'ANGOSTURA', 'CO-ANT'),
('05040', 'ANORI', 'CO-ANT'),
('05042', 'SANTAFE DE ANTIOQUIA', 'CO-ANT'),
('05044', 'ANZA', 'CO-ANT'),
('05045', 'APARTADO', 'CO-ANT'),
('05051', 'ARBOLETES', 'CO-ANT'),
('05055', 'ARGELIA', 'CO-ANT'),
('05059', 'ARMENIA', 'CO-ANT'),
('05079', 'BARBOSA', 'CO-ANT'),
('05086', 'BELMIRA', 'CO-ANT'),
('05088', 'BELLO', 'CO-ANT'),
('05091', 'BETANIA', 'CO-ANT'),
('05093', 'BETULIA', 'CO-ANT'),
('05101', 'CIUDAD BOLIVAR', 'CO-ANT'),
('05107', 'BRICEÑO', 'CO-ANT'),
('05113', 'BURITICA', 'CO-ANT'),
('05120', 'CACERES', 'CO-ANT'),
('05125', 'CAICEDO', 'CO-ANT'),
('05129', 'CALDAS', 'CO-ANT'),
('05134', 'CAMPAMENTO', 'CO-ANT'),
('05138', 'CAÑASGORDAS', 'CO-ANT'),
('05142', 'CARACOLI', 'CO-ANT'),
('05145', 'CARAMANTA', 'CO-ANT'),
('05147', 'CAREPA', 'CO-ANT'),
('05148', 'EL CARMEN DE VIBORAL', 'CO-ANT'),
('05150', 'CAROLINA', 'CO-ANT'),
('05154', 'CAUCASIA', 'CO-ANT'),
('05172', 'CHIGORODO', 'CO-ANT'),
('05190', 'CISNEROS', 'CO-ANT'),
('05197', 'COCORNA', 'CO-ANT'),
('05206', 'CONCEPCION', 'CO-ANT'),
('05209', 'CONCORDIA', 'CO-ANT'),
('05212', 'COPACABANA', 'CO-ANT'),
('05234', 'DABEIBA', 'CO-ANT'),
('05237', 'DON MATIAS', 'CO-ANT'),
('05240', 'EBEJICO', 'CO-ANT'),
('05250', 'EL BAGRE', 'CO-ANT'),
('05264', 'ENTRERRIOS', 'CO-ANT'),
('05266', 'ENVIGADO', 'CO-ANT'),
('05282', 'FREDONIA', 'CO-ANT'),
('05284', 'FRONTINO', 'CO-ANT'),
('05306', 'GIRALDO', 'CO-ANT'),
('05308', 'GIRARDOTA', 'CO-ANT'),
('05310', 'GOMEZ PLATA', 'CO-ANT'),
('05313', 'GRANADA', 'CO-ANT'),
('05315', 'GUADALUPE', 'CO-ANT'),
('05318', 'GUARNE', 'CO-ANT'),
('05321', 'GUATAPE', 'CO-ANT'),
('05347', 'HELICONIA', 'CO-ANT'),
('05353', 'HISPANIA', 'CO-ANT'),
('05360', 'ITAGÜI', 'CO-ANT'),
('05361', 'ITUANGO', 'CO-ANT'),
('05364', 'JARDIN', 'CO-ANT'),
('05368', 'JERICO', 'CO-ANT'),
('05376', 'LA CEJA', 'CO-ANT'),
('05380', 'LA ESTRELLA', 'CO-ANT'),
('05390', 'LA PINTADA', 'CO-ANT'),
('05400', 'LA UNION', 'CO-ANT'),
('05411', 'LIBORINA', 'CO-ANT'),
('05425', 'MACEO', 'CO-ANT'),
('05440', 'MARINILLA', 'CO-ANT'),
('05467', 'MONTEBELLO', 'CO-ANT'),
('05475', 'MURINDO', 'CO-ANT'),
('05480', 'MUTATA', 'CO-ANT'),
('05483', 'NARIÑO', 'CO-ANT'),
('05490', 'NECOCLI', 'CO-ANT'),
('05495', 'NECHI', 'CO-ANT'),
('05501', 'OLAYA', 'CO-ANT'),
('05541', 'PEÑOL', 'CO-ANT'),
('05543', 'PEQUE', 'CO-ANT'),
('05576', 'PUEBLORRICO', 'CO-ANT'),
('05579', 'PUERTO BERRIO', 'CO-ANT'),
('05585', 'PUERTO NARE', 'CO-ANT'),
('05591', 'PUERTO TRIUNFO', 'CO-ANT'),
('05604', 'REMEDIOS', 'CO-ANT'),
('05607', 'RETIRO', 'CO-ANT'),
('05615', 'RIONEGRO', 'CO-ANT'),
('05628', 'SABANALARGA', 'CO-ANT'),
('05631', 'SABANETA', 'CO-ANT'),
('05642', 'SALGAR', 'CO-ANT'),
('05647', 'SAN ANDRES', 'CO-ANT'),
('05649', 'SAN CARLOS', 'CO-ANT'),
('05652', 'SAN FRANCISCO', 'CO-ANT'),
('05656', 'SAN JERONIMO', 'CO-ANT'),
('05658', 'SAN JOSE DE LA MONTAÑA', 'CO-ANT'),
('05659', 'SAN JUAN DE URABA', 'CO-ANT'),
('05660', 'SAN LUIS', 'CO-ANT'),
('05664', 'SAN PEDRO', 'CO-ANT'),
('05665', 'SAN PEDRO DE URABA', 'CO-ANT'),
('05667', 'SAN RAFAEL', 'CO-ANT'),
('05670', 'SAN ROQUE', 'CO-ANT'),
('05674', 'SAN VICENTE', 'CO-ANT'),
('05679', 'SANTA BARBARA', 'CO-ANT'),
('05686', 'SANTA ROSA DE OSOS', 'CO-ANT'),
('05690', 'SANTO DOMINGO', 'CO-ANT'),
('05697', 'EL SANTUARIO', 'CO-ANT'),
('05736', 'SEGOVIA', 'CO-ANT'),
('05756', 'SONSON', 'CO-ANT'),
('05761', 'SOPETRAN', 'CO-ANT'),
('05789', 'TAMESIS', 'CO-ANT'),
('05790', 'TARAZA', 'CO-ANT'),
('05792', 'TARSO', 'CO-ANT'),
('05809', 'TITIRIBI', 'CO-ANT'),
('05819', 'TOLEDO', 'CO-ANT'),
('05837', 'TURBO', 'CO-ANT'),
('05842', 'URAMITA', 'CO-ANT'),
('05847', 'URRAO', 'CO-ANT'),
('05854', 'VALDIVIA', 'CO-ANT'),
('05856', 'VALPARAISO', 'CO-ANT'),
('05858', 'VEGACHI', 'CO-ANT'),
('05861', 'VENECIA', 'CO-ANT'),
('05873', 'VIGIA DEL FUERTE', 'CO-ANT'),
('05885', 'YALI', 'CO-ANT'),
('05887', 'YARUMAL', 'CO-ANT'),
('05890', 'YOLOMBO', 'CO-ANT'),
('05893', 'YONDO', 'CO-ANT'),
('05895', 'ZARAGOZA', 'CO-ANT'),
('08001', 'BARRANQUILLA', 'CO-ATL'),
('08078', 'BARANOA', 'CO-ATL'),
('08137', 'CAMPO DE LA CRUZ', 'CO-ATL'),
('08141', 'CANDELARIA', 'CO-ATL'),
('08296', 'GALAPA', 'CO-ATL'),
('08372', 'JUAN DE ACOSTA', 'CO-ATL'),
('08421', 'LURUACO', 'CO-ATL'),
('08433', 'MALAMBO', 'CO-ATL'),
('08436', 'MANATI', 'CO-ATL'),
('08520', 'PALMAR DE VARELA', 'CO-ATL'),
('08549', 'PIOJO', 'CO-ATL'),
('08558', 'POLONUEVO', 'CO-ATL'),
('08560', 'PONEDERA', 'CO-ATL'),
('08573', 'PUERTO COLOMBIA', 'CO-ATL'),
('08606', 'REPELON', 'CO-ATL'),
('08634', 'SABANAGRANDE', 'CO-ATL'),
('08638', 'SABANALARGA', 'CO-ATL'),
('08675', 'SANTA LUCIA', 'CO-ATL'),
('08685', 'SANTO TOMAS', 'CO-ATL'),
('08758', 'SOLEDAD', 'CO-ATL'),
('08770', 'SUAN', 'CO-ATL'),
('08832', 'TUBARA', 'CO-ATL'),
('08849', 'USIACURI', 'CO-ATL'),
('11001', 'BOGOTA D.C.', 'CO-DC'),
('13001', 'CARTAGENA', 'CO-BOL'),
('13006', 'ACHI', 'CO-BOL'),
('13030', 'ALTOS DEL ROSARIO', 'CO-BOL'),
('13042', 'ARENAL', 'CO-BOL'),
('13052', 'ARJONA', 'CO-BOL'),
('13062', 'ARROYOHONDO', 'CO-BOL'),
('13074', 'BARRANCO DE LOBA', 'CO-BOL'),
('13140', 'CALAMAR', 'CO-BOL'),
('13160', 'CANTAGALLO', 'CO-BOL'),
('13188', 'CICUCO', 'CO-BOL'),
('13212', 'CORDOBA', 'CO-BOL'),

pagina 5

```
## TYPESIDENTIFICATIONS
```sql

INSERT INTO typesidentifications (description, sufix) VALUES
('Cédula de Ciudadanía', 'CC'),
('Tarjeta de Identidad', 'TI'),
('Cédula de Extranjería', 'CE'),
('NIT', 'NIT'),
('Pasaporte', 'PA'),
('Registro Civil', 'RC'),
('Documento Nacional de Identidad', 'DNI'),
('Carné Diplomático', 'CD'),
('Permiso Especial de Permanencia', 'PEP'),
('Salvoconducto', 'SC'),
('Permiso por Protección Temporal', 'PPT'),
('Tarjeta de Extranjería', 'TE'),
('Número Único de Identificación Personal', 'NUIP'),
('Carné de Identidad', 'CI'),
('Licencia de Conducción', 'LC'),
('Certificado de Nacido Vivo', 'CNV'),
('Documento de Identificación Extranjero', 'DIE'),
('Matrícula Consular', 'MC'),
('Documento de Identificación Militar', 'DIM'),
('Permiso de Trabajo', 'PT');
```
## CATEGORIES
```sql

INSERT INTO categories (description) VALUES
('Restaurantes'),
('Hoteles'),
('Tiendas de Ropa'),
('Supermercados'),
('Farmacias'),
('Estaciones de Servicio'),
('Librerías'),
('Joyerías'),
('Electrodomésticos'),
('Mueblerías'),
('Talleres Mecánicos'),
('Clínicas Médicas'),
('Gimnasios'),
('Escuelas'),
('Universidades'),
('Cines'),
('Teatros'),
('Centros Comerciales'),
('Aerolíneas'),
('Agencias de Viajes');
```
## MEMBERSHIPS
```sql

INSERT INTO memberships (name, description) VALUES
('Básica', 'Membresía con beneficios básicos para nuevos clientes'),
('Premium', 'Acceso a descuentos exclusivos y eventos especiales'),
('Oro', 'Beneficios premium más atención personalizada'),
('Platino', 'Máximos beneficios con servicio VIP'),
('Empresarial', 'Para empresas con múltiples usuarios'),
('Estudiante', 'Descuentos especiales para estudiantes'),
('Senior', 'Beneficios para personas mayores de 60 años'),
('Familiar', 'Para familias con múltiples miembros'),
('Digital', 'Acceso exclusivo a contenido digital'),
('Viajero', 'Beneficios para viajeros frecuentes'),
('Gourmet', 'Descuentos en restaurantes y comida'),
('Cultural', 'Acceso a eventos culturales'),
('Deportiva', 'Beneficios en gimnasios y eventos deportivos'),
('Salud', 'Descuentos en servicios médicos y farmacias'),
('Tecnología', 'Ofertas en productos tecnológicos'),
('Moda', 'Descuentos en tiendas de ropa y accesorios'),
('Infantil', 'Beneficios para niños y padres'),
('Mascotas', 'Descuentos en productos y servicios para mascotas'),
('Automotriz', 'Beneficios para mantenimiento vehicular'),
('Ecológica', 'Descuentos en productos orgánicos y sostenibles');
```
## PERIODS
```sql

INSERT INTO periods (name) VALUES
('Diario'),
('Semanal'),
('Quincenal'),
('Mensual'),
('Bimestral'),
('Trimestral'),
('Cuatrimestral'),
('Semestral'),
('Anual'),
('Bianual'),
('Trienal'),
('Personalizado 3 meses'),
('Personalizado 6 meses'),
('Personalizado 9 meses'),
('Fin de Semana'),
('Temporada Alta'),
('Temporada Baja'),
('Festivos'),
('Vacaciones'),
('Promocional');
```
## AUDIENCES
```sql

INSERT INTO audiences (description) VALUES
('Niños (0-12 años)'),
('Adolescentes (13-19 años)'),
('Jóvenes adultos (20-35 años)'),
('Adultos (36-59 años)'),
('Adultos mayores (60+ años)'),
('Familias'),
('Estudiantes'),
('Profesionales'),
('Empresarios'),
('Turistas'),
('Deportistas'),
('Artistas'),
('Tecnólogos'),
('Amantes de la comida'),
('Aficionados al cine'),
('Lectores'),
('Gamers'),
('Mamás y papás'),
('Mascotas'),
('Viajeros frecuentes');
```
## UNITOFMEASURE
```sql

INSERT INTO unitofmeasure (id, description) VALUES
(1, 'Unidad'),
(2, 'Gramos'),
(3, 'Kilogramos'),
(4, 'Mililitros'),
(5, 'Litros'),
(6, 'Metros'),
(7, 'Centímetros'),
(8, 'Pulgada'),
(9, 'Paquete'),
(10, 'Caja'),
(11, 'Docena'),
(12, 'Media docena'),
(13, 'Resma'),
(14, 'Hora'),
(15, 'Día'),
(16, 'Semana'),
(17, 'Mes'),
(18, 'Año'),
(19, 'Servicio'),
(20, 'Evento');
```
## PRODUCTS
```sql

INSERT INTO products (name, detail, price, category_id, image) VALUES
('Camisa de algodón', 'Camisa 100% algodón, tallas S a XL', 59900, 3, 'camisa_algodon.jpg'),
('Smartphone X200', 'Último modelo con cámara de 108MP', 1200000, 9, 'x200.jpg'),
('Libro "Aprende SQL"', 'Guía completa para aprender SQL', 85000, 7, 'aprende_sql.jpg'),
('Juego de sábanas', 'Juego de sábanas king size, algodón egipcio', 230000, 10, 'sabanas_king.jpg'),
('Cepillo dental eléctrico', 'Con tecnología sónica y 3 modos', 129900, 5, 'cepillo_electrico.jpg'),
('Pizza familiar', 'Pizza de 12 porciones, varios sabores', 45000, 1, 'pizza_familiar.jpg'),
('Noche en suite', 'Habitación suite con desayuno incluido', 350000, 2, 'suite_hotel.jpg'),
('Anillo de plata', 'Anillo con piedra semipreciosa', 189000, 8, 'anillo_plata.jpg'),
('Gasolina corriente', 'Galón de gasolina corriente', 10000, 6, 'gasolina.jpg'),
('Curso de programación', 'Curso online de 40 horas', 299000, 14, 'curso_programacion.jpg'),
('Mesa de centro', 'Mesa de centro en madera de roble', 450000, 10, 'mesa_centro.jpg'),
('Crema hidratante', 'Crema facial con protección UV', 75900, 5, 'crema_hidratante.jpg'),
('Entrada cine', 'Entrada para estreno de película', 18000, 16, 'entrada_cine.jpg'),
('Balón de fútbol', 'Balón oficial tamaño 5', 120000, 11, 'balon_futbol.jpg'),
('Batería de cocina', 'Juego de 10 piezas antiadherente', 320000, 9, 'bateria_cocina.jpg'),
('Tiquete avión', 'Tiquete nacional ida y vuelta', 600000, 19, 'tiquete_avion.jpg'),
('Paquete turístico', 'Incluye hotel, alimentación y tours', 1500000, 20, 'paquete_turistico.jpg'),
('Laptop ultraliviana', '15 pulgadas, 16GB RAM, 512GB SSD', 2800000, 9, 'laptop_ultra.jpg'),
('Collar para perro', 'Collar ajustable con placa de identificación', 45000, 18, 'collar_perro.jpg'),
('Set de maquillaje', 'Paleta de sombras y labiales', 89000, 3, 'set_maquillaje.jpg');
```
## CATEGORIES_POLLS
```sql

INSERT INTO categories_polls (name) VALUES
('Satisfacción general'),
('Calidad del producto'),
('Atención al cliente'),
('Tiempo de entrega'),
('Relación calidad-precio'),
('Ambiente del local'),
('Variedad de productos'),
('Limpieza e higiene'),
('Facilidad de compra'),
('Servicio postventa'),
('Innovación'),
('Sostenibilidad'),
('Accesibilidad'),
('Personalización'),
('Recomendación'),
('Comunicación'),
('Resolución de problemas'),
('Experiencia digital'),
('Fidelización'),
('Comparativa con competencia');
```
## POLLS
```sql

INSERT INTO polls (name, description, isactive, categorypoll_id) VALUES
('Satisfacción con servicio', 'Encuesta sobre experiencia con el servicio', TRUE, 1),
('Calidad de productos', 'Evaluación de calidad de productos recibidos', TRUE, 2),
('Atención del personal', 'Cómo califica la atención recibida', TRUE, 3),
('Tiempo de espera', 'Evaluación de tiempos de espera', TRUE, 4),
('Precios competitivos', 'Percepción sobre precios vs competencia', TRUE, 5),
('Ambiente del establecimiento', 'Evaluación del ambiente y comodidad', TRUE, 6),
('Variedad de opciones', 'Satisfacción con variedad de productos/servicios', TRUE, 7),
('Limpieza e higiene', 'Evaluación de protocolos de limpieza', TRUE, 8),
('Facilidad de compra online', 'Experiencia en plataformas digitales', TRUE, 9),
('Soporte postventa', 'Evaluación de servicio postventa', TRUE, 10),
('Innovación en servicios', 'Percepción sobre innovación', TRUE, 11),
('Prácticas sostenibles', 'Evaluación de prácticas ecológicas', TRUE, 12),
('Accesibilidad', 'Facilidad de acceso para personas con discapacidad', TRUE, 13),
('Personalización', 'Nivel de personalización en servicio', TRUE, 14),
('Recomendaría a otros', 'Probabilidad de recomendar a otros', TRUE, 15),
('Comunicación clara', 'Evaluación de comunicación de la empresa', TRUE, 16),
('Resolución de quejas', 'Cómo manejan problemas y quejas', TRUE, 17),
('Experiencia en app móvil', 'Evaluación de aplicación móvil si aplica', TRUE, 18),
('Programa de fidelización', 'Evaluación de beneficios para clientes frecuentes', TRUE, 19),
('Comparativa con competencia', 'Cómo nos comparamos con competencia directa', TRUE, 20);
```
## BENEFITS
```sql

INSERT INTO benefits (description, detail) VALUES
('Descuento 10%', '10% de descuento en todos los productos'),
('Envío gratis', 'Envío gratuito en todas las compras'),
('Acceso prioritario', 'Acceso a eventos antes que el público general'),
('Regalo mensual', 'Producto sorpresa cada mes'),
('Asesoría personalizada', 'Sesión mensual con experto'),
('Garantía extendida', 'Garantía de productos extendida 6 meses'),
('Acceso VIP', 'Áreas exclusivas en locales físicos'),
('Contenido exclusivo', 'Acceso a contenido digital exclusivo'),
('Talleres gratuitos', 'Participación en talleres educativos'),
('Cashback 5%', '5% de reintegro en compras mayores a $200k'),
('Estacionamiento gratuito', 'Estacionamiento sin costo en locales'),
('Membresía adicional', 'Regalo de membresía para un amigo'),
('Soporte premium', 'Línea directa de soporte 24/7'),
('Experiencias exclusivas', 'Acceso a eventos y lanzamientos exclusivos'),
('Renovación gratuita', 'Renovación de membresía sin costo'),
('Descuento en servicios', '20% en servicios adicionales'),
('Programa de referidos', 'Beneficios por recomendar amigos'),
('Cumpleaños especial', 'Regalo y descuento en tu cumpleaños'),
('Versión premium', 'Acceso a versión premium de app/servicio'),
('Sin límite de compras', 'Sin restricciones en compras promocionales');
```
## CUSTOMERS
```sql

INSERT INTO customers (name, city_id, audience_id, cellphone, email, address) VALUES
('Juan Pérez', 'BOG001', 3, '3101234567', 'juan.perez@email.com', 'Calle 123 #45-67'),
('María Gómez', 'MED001', 4, '3202345678', 'maria.gomez@email.com', 'Carrera 56 #78-90'),
('Carlos Rodríguez', 'CAL008', 3, '3003456789', 'carlos.rod@email.com', 'Avenida 34 #12-34'),
('Ana López', 'BUC002', 4, '3154567890', 'ana.lopez@email.com', 'Diagonal 78 #56-12'),
('Pedro Martínez', 'PER001', 2, '3185678901', 'pedro.mart@email.com', 'Transversal 90 #34-56'),
('Laura Sánchez', 'ARM001', 3, '3016789012', 'laura.san@email.com', 'Calle 67 #89-01'),
('David Ramírez', 'IBA001', 4, '3127890123', 'david.ram@email.com', 'Carrera 23 #45-67'),
('Sofía Torres', 'MAN002', 2, '3148901234', 'sofia.tor@email.com', 'Avenida 12 #34-56'),
('Jorge Díaz', 'VIL002', 3, '3179012345', 'jorge.diaz@email.com', 'Diagonal 45 #67-89'),
('Mónica Herrera', 'POP001', 4, '3020123456', 'monica.her@email.com', 'Transversal 78 #90-12'),
('Ricardo Vargas', 'LET001', 3, '3131234567', 'ricardo.var@email.com', 'Calle 34 #56-78'),
('Patricia Castro', 'FLO001', 4, '3042345678', 'patricia.cas@email.com', 'Carrera 89 #01-23'),
('Fernando Gutiérrez', 'YOP001', 3, '3193456789', 'fernando.gut@email.com', 'Avenida 56 #78-90'),
('Lucía Mendoza', 'MOC001', 2, '3014567890', 'lucia.men@email.com', 'Diagonal 12 #34-56'),
('Andrés Rojas', 'SJG001', 3, '3155678901', 'andres.roj@email.com', 'Transversal 34 #56-78'),
('Carolina Silva', 'PUC001', 4, '3186789012', 'carolina.sil@email.com', 'Calle 78 #90-12'),
('Gabriel Ortega', 'NEI002', 3, '3127890123', 'gabriel.ort@email.com', 'Carrera 45 #67-89'),
('Daniela Jiménez', 'SAM001', 2, '3148901234', 'daniela.jim@email.com', 'Avenida 67 #89-01'),
('Héctor Núñez', 'RIO001', 3, '3179012345', 'hector.nun@email.com', 'Diagonal 90 #12-34'),
('Valentina Ruiz', 'SIN001', 4, '3020123456', 'valentina.ruiz@email.com', 'Transversal 23 #45-67');
```
## COMPANIES
```sql

INSERT INTO companies (id, type_id, name, category_id, city_id, audience_id, cellphone, email) VALUES
('COMP001', 4, 'Tiendas XYZ S.A.S.', 4, 'BOG001', 6, '6012345678', 'contacto@tiendasxyz.com'),
('COMP002', 4, 'Hoteles ABC S.A.', 2, 'MED001', 4, '6045678901', 'reservas@hotelesabc.com'),
('COMP003', 4, 'Restaurante Gourmet', 1, 'CAL008', 7, '6023456789', 'info@restaurantegourmet.com'),
('COMP004', 4, 'TecnoMundo', 9, 'BUC002', 3, '6078901234', 'ventas@tecnomundo.com'),
('COMP005', 4, 'Farmacias La Salud', 5, 'PER001', 6, '6034567890', 'servicio@farmaciasalud.com'),
('COMP006', 4, 'Moda Elegante', 3, 'ARM001', 4, '6056789012', 'clientes@modaelegante.com'),
('COMP007', 4, 'Librería El Saber', 7, 'IBA001', 2, '6089012345', 'contacto@libroselsaber.com'),
('COMP008', 4, 'Joyas Brillantes', 8, 'MAN002', 4, '6090123456', 'joyas@brillantes.com'),
('COMP009', 4, 'Muebles Hogar', 10, 'VIL002', 6, '6011234567', 'ventas@muebleshogar.com'),
('COMP010', 4, 'Taller Mecánico Rápido', 11, 'POP001', 3, '6022345678', 'servicio@tallerrapido.com'),
('COMP011', 4, 'Clínica Sanar', 12, 'LET001', 6, '6033456789', 'citas@clinicasanar.com'),
('COMP012', 4, 'Gimnasio Activo', 13, 'FLO001', 3, '6044567890', 'info@gimnasioactivo.com'),
('COMP013', 4, 'Colegio Futuro', 14, 'YOP001', 7, '6055678901', 'admisiones@colegiofuturo.com'),
('COMP014', 4, 'Cinepolis', 16, 'MOC001', 6, '6066789012', 'contacto@cinepolis.com'),
('COMP015', 4, 'Teatro Nacional', 17, 'SJG001', 4, '6077890123', 'boletas@teatronacional.com'),
('COMP016', 4, 'Centro Comercial Plaza', 18, 'PUC001', 6, '6088901234', 'info@ccplaza.com'),
('COMP017', 4, 'Aerolíneas ViajeSeguro', 19, 'NEI002', 4, '6099012345', 'reservas@viajeseguro.com'),
('COMP018', 4, 'Agencia Mundo', 20, 'SAM001', 3, '6010123456', 'tours@agenciamundo.com'),
('COMP019', 4, 'Supermercado Económico', 4, 'RIO001', 6, '6021234567', 'clientes@supereconomico.com'),
('COMP020', 4, 'Tienda Deportiva', 13, 'SIN001', 3, '6032345678', 'ventas@tiendadeportiva.com');
```
## COMPANYPRODUCTS
```sql

INSERT INTO companyproducts (company_id, product_id, price, unimeasure_id) VALUES
('COMP001', 1, 55000, 1),
('COMP001', 4, 210000, 1),
('COMP001', 12, 70000, 1),
('COMP002', 7, 320000, 15),
('COMP002', 17, 1400000, 1),
('COMP003', 6, 42000, 1),
('COMP003', 20, 80000, 1),
('COMP004', 2, 1150000, 1),
('COMP004', 18, 2700000, 1),
('COMP005', 5, 120000, 1),
('COMP005', 12, 75000, 1),
('COMP006', 1, 60000, 1),
('COMP006', 20, 85000, 1),
('COMP007', 3, 80000, 1),
('COMP008', 8, 180000, 1),
('COMP009', 11, 430000, 1),
('COMP009', 4, 220000, 1),
('COMP010', 14, 110000, 1),
('COMP011', 12, 77000, 1),
('COMP012', 14, 125000, 1);
```
## MEMBERSHIPPERIODS
```sql

INSERT INTO membershipperiods (membership_id, period_id, price) VALUES
(1, 4, 50000),
(1, 8, 250000),
(1, 9, 450000),
(2, 4, 80000),
(2, 8, 400000),
(2, 9, 700000),
(3, 4, 120000),
(3, 8, 600000),
(3, 9, 1000000),
(4, 4, 200000),
(4, 8, 1000000),
(4, 9, 1800000),
(5, 4, 150000),
(5, 8, 750000),
(5, 9, 1300000),
(6, 4, 30000),
(6, 8, 150000),
(6, 9, 250000),
(7, 4, 40000),
(7, 8, 200000),
(7, 9, 350000);
```
## MEMBERSHIPBENEFITS
```sql

INSERT INTO membershipbenefits (membership_id, period_id, audience_id, benefit_id) VALUES
(1, 4, 3, 1),
(1, 4, 4, 1),
(1, 8, 3, 2),
(1, 8, 4, 2),
(1, 9, 3, 3),
(1, 9, 4, 3),
(2, 4, 3, 4),
(2, 4, 4, 4),
(2, 8, 3, 5),
(2, 8, 4, 5),
(2, 9, 3, 6),
(2, 9, 4, 6),
(3, 4, 3, 7),
(3, 4, 4, 7),
(3, 8, 3, 8),
(3, 8, 4, 8),
(3, 9, 3, 9),
(3, 9, 4, 9),
(4, 4, 3, 10),
(4, 4, 4, 10);
```
## AUDIENCEBENEFITS
```sql

INSERT INTO audiencebenefits (audience_id, benefit_id) VALUES
(1, 20),
(2, 1),
(3, 2),
(4, 3),
(5, 4),
(6, 5),
(7, 6),
(8, 7),
(9, 8),
(10, 9),
(11, 10),
(12, 11),
(13, 12),
(14, 13),
(15, 14),
(16, 15),
(17, 16),
(18, 17),
(19, 18),
(20, 19);
```
## RATES
```sql

INSERT INTO rates (customer_id, company_id, poll_id, daterating, rating) VALUES
(1, 'COMP001', 1, '2023-01-15 10:30:00', 4.5),
(2, 'COMP002', 1, '2023-01-16 11:45:00', 5.0),
(3, 'COMP003', 2, '2023-01-17 12:15:00', 4.0),
(4, 'COMP004', 2, '2023-01-18 14:20:00', 3.5),
(5, 'COMP005', 3, '2023-01-19 15:30:00', 4.5),
(6, 'COMP006', 3, '2023-01-20 16:45:00', 5.0),
(7, 'COMP007', 4, '2023-01-21 09:10:00', 3.0),
(8, 'COMP008', 4, '2023-01-22 10:25:00', 4.0),
(9, 'COMP009', 5, '2023-01-23 11:40:00', 4.5),
(10, 'COMP010', 5, '2023-01-24 13:55:00', 3.5),
(11, 'COMP011', 6, '2023-01-25 14:05:00', 5.0),
(12, 'COMP012', 6, '2023-01-26 15:20:00', 4.0),
(13, 'COMP013', 7, '2023-01-27 16:35:00', 3.5),
(14, 'COMP014', 7, '2023-01-28 09:50:00', 4.5),
(15, 'COMP015', 8, '2023-01-29 10:05:00', 5.0),
(16, 'COMP016', 8, '2023-01-30 11:20:00', 4.0),
(17, 'COMP017', 9, '2023-01-31 12:35:00', 3.5),
(18, 'COMP018', 9, '2023-02-01 13:50:00', 4.5),
(19, 'COMP019', 10, '2023-02-02 14:05:00', 5.0),
(20, 'COMP020', 10, '2023-02-03 15:20:00', 4.0);
```
## FAVORITES
```sql

INSERT INTO favorites (customer_id, company_id) VALUES
(1, 'COMP001'),
(1, 'COMP001'),
(2, 'COMP001'),
(3, 'COMP001'),
(3, 'COMP001'),
(4, 'COMP001'),
(5, 'COMP001'),
(6, 'COMP001'),
(7, 'COMP001'),
(8, 'COMP001'),
(9, 'COMP001'),
(10, 'COMP01'),
(11, 'COMP011'),
(12, 'COMP012'),
(13, 'COMP013'),
(14, 'COMP014'),
(15, 'COMP015'),
(16, 'COMP016'),
(17, 'COMP017'),
(18, 'COMP018');
```
## DETAILS_FAVORITES
```sql

INSERT INTO details_favorites (id, favorite_id, product_id) VALUES
(1, 1, 1),
(2, 1, 4),
(3, 2, 2),
(4, 3, 7),
(5, 4, 6),
(6, 5, 1),
(7, 6, 4),
(8, 7, 5),
(9, 8, 1),
(10, 9, 3),
(11, 10, 8),
(12, 11, 11),
(13, 12, 14),
(14, 13, 3),
(15, 14, 13),
(16, 15, 13),
(17, 16, 17),
(18, 17, 17),
(19, 18, 18),
(20, 19, 20);
```
## QUALITY_PRODUCTS
```sql

INSERT INTO quality_products (product_id, customer_id, poll_id, company_id, daterating, rating) VALUES
(1, 1, 2, 'COMP001', '2025-01-15 10:35:00', 4.5),
(4, 1, 2, 'COMP001', '2025-02-15 10:36:00', 5.0),
(2, 3, 2, 'COMP004', '2025-03-18 14:25:00', 4.0),
(7, 2, 2, 'COMP002', '2025-04-16 11:50:00', 4.5),
(6, 3, 2, 'COMP003', '2025-05-17 12:20:00', 5.0),
(1, 6, 2, 'COMP006', '2025-06-20 16:50:00', 4.0),
(5, 5, 2, 'COMP005', '2025-07-19 15:35:00', 3.5),
(3, 7, 2, 'COMP007', '2025-08-21 09:15:00', 4.5),
(8, 8, 2, 'COMP008', '2025-09-22 10:30:00', 5.0),
(11, 9, 2, 'COMP009', '2025-10-23 11:45:00', 4.0),
(14, 10, 2, 'COMP010', '2025-11-24 14:00:00', 3.5),
(12, 11, 2, 'COMP011', '2025-12-25 14:10:00', 4.5),
(13, 14, 2, 'COMP014', '2025-06-28 09:55:00', 5.0),
(17, 15, 2, 'COMP015', '2025-08-29 10:10:00', 4.0),
(17, 16, 2, 'COMP016', '2025-05-30 11:25:00', 3.5),
(18, 17, 2, 'COMP017', '2025-07-31 12:40:00', 4.5),
(20, 18, 2, 'COMP018', '2025-09-01 13:55:00', 5.0),
(12, 19, 2, 'COMP019', '2025-10-02 14:10:00', 4.0),
(14, 12, 2, 'COMP012', '2025-11-26 15:25:00', 3.5),
(3, 13, 2, 'COMP013', '2025-08-27 16:40:00', 4.5);
```