

INSERT INTO countries (isocode, name, alfaisotwo, alfaisothree) VALUES
('004', 'Afganistán', 'AF', 'AFG'),
('008', 'Albania', 'AL', 'ALB'),
('276', 'Alemania', 'DE', 'DEU'),
('020', 'Andorra', 'AD', 'AND'),
('024', 'Angola', 'AO', 'AGO'),
('660', 'Anguila', 'AI', 'AIA'),
('010', 'Antártida', 'AQ', 'ATA'),
('028', 'Antigua y Barbuda', 'AG', 'ATG'),
('032', 'Argentina', 'AR', 'ARG'),
('682', 'Arabia Saudi', 'SA', 'SAU'),
('051', 'Armenia', 'AM', 'ARM'),
('533', 'Aruba', 'AW', 'ABW'),
('036', 'Australia', 'AU', 'AUS'),
('040', 'Austria', 'AT', 'AUT'),
('031', 'Azerbaiyán', 'AZ', 'AZE'),
('044', 'Bahamas', 'BS', 'BHS'),
('050', 'Bangladés', 'BD', 'BGD'),
('052', 'Barbados', 'BB', 'BRB'),
('048', 'Baréin', 'BH', 'BHR'),
('056', 'Belgica', 'BE', 'BEL'),
('084', 'Belice', 'BZ', 'BLZ'),
('204', 'Benin', 'BJ', 'BEN'),
('060', 'Bermudas', 'BM', 'BMU'),
('112', 'Bielorussia', 'BY', 'BLR'),
('104', 'Birmania', 'MM', 'MMR'),
('068', 'Bolivia', 'BO', 'BOL'),
('070', 'Bosnia y Herzegovina', 'BA', 'BIH'),
('072', 'Botsuana', 'BW', 'BWA'),
('076', 'Brasil', 'BR', 'BRA'),
('096', 'Brunéi', 'BN', 'BRN'),
('100', 'Bulgaria', 'BG', 'BGR'),
('854', 'Burkina Faso', 'BF', 'BFA'),
('108', 'Burundi', 'BI', 'BDI'),
('064', 'Bután', 'BT', 'BTN'),
('132', 'Cabo Verde', 'CV', 'CPV'),
('116', 'Camboya', 'KH', 'KHM'),
('120', 'Camerún', 'CM', 'CMR'),
('124', 'Canadá', 'CA', 'CAN'),
('535', 'Caribe Neerlandés', 'BQ', 'BES'),
('634', 'Catar', 'QA', 'QAT'),
('148', 'Chad', 'TD', 'TCD'),
('152', 'Chile', 'CL', 'CHL'),
('156', 'China', 'CN', 'CHN'),
('196', 'Chipre', 'CY', 'CYP'),
('170', 'Colombia', 'CO', 'COL'),
('174', 'Comoras', 'KM', 'COM'),
('408', 'Corea del Norte', 'KP', 'PRK'),
('410', 'Corea del Sur', 'KR', 'KOR'),
('384', 'Costa de Marfil', 'CI', 'CIV'),
('188', 'Costa Rica', 'CR', 'CRI'),
('191', 'Croacia', 'HR', 'HRV'),
('192', 'Cuba', 'CU', 'CUB'),
('531', 'Curazao', 'CW', 'CUW'),
('208', 'Dinamarca', 'DK', 'DNK'),
('212', 'Dominica', 'DM', 'DMA'),
('218', 'Ecuador', 'EC', 'ECU'),
('818', 'Egipto', 'EG', 'EGY'),
('222', 'El Salvador', 'SV', 'SLV'),
('784', 'Emiratos árabes Unidos', 'AE', 'ARE'),
('232', 'Eritrea', 'ER', 'ERI'),
('703', 'Eslovaquia', 'SK', 'SVK'),
('705', 'Eslovenia', 'SI', 'SVN'),
('724', 'España', 'ES', 'ESP'),
('583', 'Estados Federados de Micronesia', 'FM', 'FSM'),
('840', 'Estados Unidos', 'US', 'USA'),
('233', 'Estonia', 'EE', 'EST'),
('231', 'Etiopía', 'ET', 'ETH'),
('608', 'Filipinas', 'PH', 'PHL'),
('246', 'Finlandia', 'FI', 'FIN'),
('242', 'Fiyi', 'FJ', 'FJI'),
('250', 'Francia', 'FR', 'FRA'),
('266', 'Gabon', 'GA', 'GAB'),
('270', 'Gambia', 'GM', 'GMB'),
('268', 'Georgia', 'GE', 'GEO'),
('288', 'Ghana', 'GH', 'GHA'),
('292', 'Gibraltar', 'GI', 'GIB'),
('308', 'Granada', 'GD', 'GRD'),
('300', 'Grecia', 'GR', 'GRC'),
('304', 'Groenlandia', 'GL', 'GRL'),
('312', 'Guadelupe', 'GP', 'GLP'),
('316', 'Guam', 'GU', 'GUM'),
('320', 'Guatemala', 'GT', 'GTM'),
('254', 'Guayana Francesa', 'GF', 'GUF'),
('831', 'Guernsey', 'GG', 'GGY'),
('324', 'Guinea', 'GN', 'GIN'),
('226', 'Guinea Ecuatorial', 'GQ', 'GNQ'),
('624', 'Guinea-Bissau', 'GW', 'GNB'),
('328', 'Guyana', 'GY', 'GUY'),
('332', 'Haití', 'HT', 'HTI'),
('340', 'Honduras', 'HN', 'HND'),
('344', 'Hong Kong', 'HK', 'HKG'),
('348', 'Hungría', 'HU', 'HUN'),
('352', 'Iceland', 'IS', 'ISL'),
('356', 'India', 'IN', 'IND'),
('360', 'Indonesia', 'ID', 'IDN'),
('368', 'Irak', 'IQ', 'IRQ'),
('364', 'Iran', 'IR', 'IRN'),
('833', 'Isla de Man', 'IM', 'IMN'),
('162', 'Isla de Navidad', 'CX', 'CXR'),
('574', 'Isla Norfolk', 'NF', 'NFK'),
('372', 'Islandia', 'IE', 'IRL'),
('136', 'Islas Caimán', 'KY', 'CYM'),
('166', 'Islas Cocos', 'CC', 'CCK'),
('184', 'Islas Cook', 'CK', 'COK'),
('234', 'Islas Feroe', 'FO', 'FRO'),
('239', 'Islas Georgias y Sandwich del Sur', 'GS', 'SGS'),
('238', 'Islas Malvinas', 'FK', 'FLK'),
('580', 'Islas Marianas del Norte', 'MP', 'MNP'),
('584', 'Islas Marshall', 'MH', 'MHL'),
('612', 'Islas Pitcairn', 'PN', 'PCN'),
('090', 'Islas Salomón', 'SB', 'SLB'),
('796', 'Islas Turcas y Caicos', 'TC', 'TCA'),
('092', 'Islas Vírgenes Británicas', 'VG', 'VGB'),
('850', 'Islas Vírgenes de los Estados Unidos', 'VI', 'VIR'),
('376', 'Israel', 'IL', 'ISR'),
('380', 'Italia', 'IT', 'ITA'),
('388', 'Jamaica', 'JM', 'JAM'),
('392', 'Japón', 'JP', 'JPN'),
('832', 'Jersey', 'JE', 'JEY'),
('400', 'Jordania', 'JO', 'JOR'),
('398', 'Kazajistán', 'KZ', 'KAZ'),
('404', 'Kenia', 'KE', 'KEN'),
('417', 'Kirguistán', 'KG', 'KGZ'),
('296', 'Kiribati', 'KI', 'KIR'),
('153', 'Kosovo', 'XK', 'XKX'),
('414', 'Kuweit', 'KW', 'KWT'),
('418', 'Laos', 'LA', 'LAO'),
('426', 'Lesoto', 'LS', 'LSO'),
('428', 'Letonia', 'LV', 'LVA'),
('422', 'Libano', 'LB', 'LBN'),
('430', 'Liberia', 'LR', 'LBR'),
('434', 'Libia', 'LY', 'LBY'),
('438', 'Liechtenstein', 'LI', 'LIE'),
('440', 'Lituania', 'LT', 'LTU'),
('442', 'Luxemburgo', 'LU', 'LUX'),
('446', 'Macao', 'MO', 'MAC'),
('807', 'Macedonia', 'MK', 'MKD'),
('450', 'Madagascar', 'MG', 'MDG'),
('458', 'Malasia', 'MY', 'MYS'),
('454', 'Malaui', 'MW', 'MWI'),
('462', 'Maldivas', 'MV', 'MDV'),
('466', 'Mali', 'ML', 'MLI'),
('470', 'Malta', 'MT', 'MLT'),
('504', 'Marruecos', 'MA', 'MAR'),
('474', 'Martinica', 'MQ', 'MTQ'),
('480', 'Mauricio', 'MU', 'MUS'),
('478', 'Mauritania', 'MR', 'MRT'),
('175', 'Mayotte', 'YT', 'MYT'),
('484', 'México', 'MX', 'MEX'),
('498', 'Moldavia', 'MD', 'MDA'),
('492', 'Monaco', 'MC', 'MCO'),
('496', 'Mongolia', 'MN', 'MNG'),
('499', 'Monténégro', 'ME', 'MNE'),
('500', 'Montserrat', 'MS', 'MSR'),
('508', 'Mozambique', 'MZ', 'MOZ'),
('516', 'Namibia', 'NA', 'NAM'),
('520', 'Nauru', 'NR', 'NRU'),
('524', 'Nepal', 'NP', 'NPL'),
('558', 'Nicaragua', 'NI', 'NIC'),
('562', 'Niger', 'NE', 'NER'),
('566', 'Nigeria', 'NG', 'NGA'),
('570', 'Niue', 'NU', 'NIU'),
('578', 'Noruega', 'NO', 'NOR'),
('540', 'Nueva Caledonia', 'NC', 'NCL'),
('554', 'Nueva Zelanda', 'NZ', 'NZL'),
('512', 'Omán', 'OM', 'OMN'),
('528', 'Países Bajos', 'NL', 'NLD'),
('586', 'Pakistán', 'PK', 'PAK'),
('585', 'Palaos', 'PW', 'PLW'),
('275', 'Palestina', 'PS', 'PSE'),
('591', 'Panama', 'PA', 'PAN'),
('598', 'Papúa Nueva Guinea', 'PG', 'PNG'),
('600', 'Paraguay', 'PY', 'PRY'),
('604', 'Perú', 'PE', 'PER'),
('258', 'Polinesia Francesa', 'PF', 'PYF'),
('616', 'Polonia', 'PL', 'POL'),
('620', 'Portugal', 'PT', 'PRT'),
('630', 'Puerto Rico', 'PR', 'PRI'),
('826', 'Reino Unido', 'GB', 'GBR'),
('732', 'República árabe Saharaui DemocrÁtica', 'EH', 'ESH'),
('140', 'República Centroafricana', 'CF', 'CAF'),
('203', 'República Checa', 'CZ', 'CZE'),
('178', 'República del Congo', 'CG', 'COG'),
('180', 'República DemocrÁtica del Congo', 'CD', 'COD'),
('214', 'República Dominicana', 'DO', 'DOM'),
('638', 'Reunión', 'RE', 'REU'),
('646', 'Ruanda', 'RW', 'RWA'),
('642', 'Rumania', 'RO', 'ROU'),
('643', 'Rusia', 'RU', 'RUS'),
('882', 'Samoa', 'WS', 'WSM'),
('016', 'Samoa Americana', 'AS', 'ASM'),
('652', 'San Bartolomé', 'BL', 'BLM'),
('659', 'San Cristóbal y Nieves', 'KN', 'KNA'),
('674', 'San Marino', 'SM', 'SMR'),
('534', 'San Martín', 'MF', 'MAF'),
('666', 'San Pedro y Miquelón', 'PM', 'SPM'),
('670', 'San Vicente y las Granadinas', 'VC', 'VCT'),
('662', 'Santa Lucía', 'LC', 'LCA'),
('678', 'Santo Tomé y Príncipe', 'ST', 'STP'),
('686', 'Senegal', 'SN', 'SEN'),
('688', 'Serbia', 'RS', 'SRB'),
('690', 'Seychelles', 'SC', 'SYC'),
('694', 'Sierra Leona', 'SL', 'SLE'),
('702', 'Singapur', 'SG', 'SGP'),
('654', 'Sint Helena, Ascension and Tristan da Cunha', 'SH', 'SHN'),
('663', 'Sint-Maarten', 'SX', 'SXM'),
('760', 'Siria', 'SY', 'SYR'),
('706', 'Somalia', 'SO', 'SOM'),
('144', 'Sri Lanka', 'LK', 'LKA'),
('748', 'eSwatani', 'SZ', 'SWZ'),
('710', 'Sudáfrica', 'ZA', 'ZAF'),
('729', 'Sudán', 'SD', 'SDN'),
('728', 'Sudán del Sur', 'SS', 'SSD'),
('752', 'Suecia', 'SE', 'SWE'),
('756', 'Suiza', 'CH', 'CHE'),
('740', 'Surinam', 'SR', 'SUR'),
('764', 'Tailandia', 'TH', 'THA'),
('158', 'Taiwan', 'TW', 'TWN'),
('834', 'Tanzania', 'TZ', 'TZA'),
('762', 'Tayikistán', 'TJ', 'TJK'),
('086', 'Territorio Británico del Océano índico', 'IO', 'IOT'),
('260', 'Tierras Australes y Antárticas Francesas', 'TF', 'ATF'),
('626', 'Timor Oriental', 'TL', 'TLS'),
('768', 'Togo', 'TG', 'TGO'),
('772', 'Tokelau', 'TK', 'TKL'),
('776', 'Tonga', 'TO', 'TON'),
('780', 'Trinidad y Tobago', 'TT', 'TTO'),
('788', 'Túnez', 'TN', 'TUN'),
('795', 'Turkmenistán', 'TM', 'TKM'),
('792', 'Turquía', 'TR', 'TUR'),
('798', 'Tuvalu', 'TV', 'TUV'),
('804', 'Ucrania', 'UA', 'UKR'),
('800', 'Uganda', 'UG', 'UGA'),
('858', 'Uruguay', 'UY', 'URY'),
('860', 'Uzbekistán', 'UZ', 'UZB'),
('548', 'Vanuatu', 'VU', 'VUT'),
('336', 'Vaticano', 'VA', 'VAT'),
('862', 'Venezuela', 'VE', 'VEN'),
('704', 'Vietnam', 'VN', 'VNM'),
('876', 'Wallis y Futuna', 'WF', 'WLF'),
('887', 'Yemen', 'YE', 'YEM'),
('262', 'Yibuti', 'DJ', 'DJI'),
('894', 'Zambia', 'ZM', 'ZMB'),
('716', 'Zimbabwe', 'ZW', 'ZWE');


INSERT INTO subdivisioncategories (description) VALUES
('Departamento'),
('Distrito Capital'),
('Municipio'),
('Territorio Indígena'),
('Área Metropolitana');



INSERT INTO stateorregions (code, name, country_id, code3166, subdivision_id)
VALUES
('CO-AMA', 'Amazonas', '170', 'CO-AMA', 1),
('CO-ANT', 'Antioquia', '170', 'CO-ANT', 1),
('CO-ARA', 'Arauca', '170', 'CO-ARA', 1),
('CO-ATL', 'Atlántico', '170', 'CO-ATL', 1),
('CO-BOL', 'Bolívar', '170', 'CO-BOL', 1),
('CO-BOY', 'Boyacá', '170', 'CO-BOY', 1),
('CO-CAL', 'Caldas', '170', 'CO-CAL', 1),
('CO-CAQ', 'Caquetá', '170', 'CO-CAQ', 1),
('CO-CAS', 'Casanare', '170', 'CO-CAS', 1),
('CO-CAU', 'Cauca', '170', 'CO-CAU', 1),
('CO-CES', 'Cesar', '170', 'CO-CES', 1),
('CO-CHO', 'Chocó', '170', 'CO-CHO', 1),
('CO-CUN', 'Cundinamarca', '170', 'CO-CUN', 1),
('CO-COR', 'Córdoba', '170', 'CO-COR', 1),
('CO-DC', 'Distrito Capital de Bogotá', '170', 'CO-DC', 2),
('CO-GUA', 'Guainía', '170', 'CO-GUA', 1),
('CO-GUV', 'Guaviare', '170', 'CO-GUV', 1),
('CO-HUI', 'Huila', '170', 'CO-HUI', 1),
('CO-LAG', 'La Guajira', '170', 'CO-LAG', 1),
('CO-MAG', 'Magdalena', '170', 'CO-MAG', 1),
('CO-MET', 'Meta', '170', 'CO-MET', 1),
('CO-NAR', 'Nariño', '170', 'CO-NAR', 1),
('CO-NSA', 'Norte de Santander', '170', 'CO-NSA', 1),
('CO-PUT', 'Putumayo', '170', 'CO-PUT', 1),
('CO-QUI', 'Quindío', '170', 'CO-QUI', 1),
('CO-RIS', 'Risaralda', '170', 'CO-RIS', 1),
('CO-SAP', 'San Andrés, Providencia y Santa Catalina', '170', 'CO-SAP', 1),
('CO-SAN', 'Santander', '170', 'CO-SAN', 1),
('CO-SUC', 'Sucre', '170', 'CO-SUC', 1),
('CO-TOL', 'Tolima', '170', 'CO-TOL', 1),
('CO-VAC', 'Valle del Cauca', '170', 'CO-VAC', 1),
('CO-VAU', 'Vaupés', '170', 'CO-VAU', 1),
('CO-VID', 'Vichada', '170', 'CO-VID', 1);


INSERT INTO citiesormunicipalities (code, name, statereg_id) 
VALUES 
('05001', 'MEDELLIN', 'CO-ANT'),
('05002', 'ABEJORRAL', 'CO-ANT'),
('05004', 'ABRIAQUI', 'CO-ANT'),
('05021', 'ALEJANDRIA', 'CO-ANT'),
('05030', 'AMAGA', 'CO-ANT'),
('05031', 'AMALFI', 'CO-ANT'),
('05034', 'ANDES', 'CO-ANT'),
('05036', 'ANGELOPOLIS', 'CO-ANT'),
('05038', 'ANGOSTURA', 'CO-ANT'),
('05040', 'ANORI', 'CO-ANT'),
('05042', 'SANTAFE DE ANTIOQUIA', 'CO-ANT'),
('05044', 'ANZA', 'CO-ANT'),
('05045', 'APARTADO', 'CO-ANT'),
('05051', 'ARBOLETES', 'CO-ANT'),
('05055', 'ARGELIA', 'CO-ANT'),
('05059', 'ARMENIA', 'CO-ANT'),
('05079', 'BARBOSA', 'CO-ANT'),
('05086', 'BELMIRA', 'CO-ANT'),
('05088', 'BELLO', 'CO-ANT'),
('05091', 'BETANIA', 'CO-ANT'),
('05093', 'BETULIA', 'CO-ANT'),
('05101', 'CIUDAD BOLIVAR', 'CO-ANT'),
('05107', 'BRICEÑO', 'CO-ANT'),
('05113', 'BURITICA', 'CO-ANT'),
('05120', 'CACERES', 'CO-ANT'),
('05125', 'CAICEDO', 'CO-ANT'),
('05129', 'CALDAS', 'CO-ANT'),
('05134', 'CAMPAMENTO', 'CO-ANT'),
('05138', 'CAÑASGORDAS', 'CO-ANT'),
('05142', 'CARACOLI', 'CO-ANT'),
('05145', 'CARAMANTA', 'CO-ANT'),
('05147', 'CAREPA', 'CO-ANT'),
('05148', 'EL CARMEN DE VIBORAL', 'CO-ANT'),
('05150', 'CAROLINA', 'CO-ANT'),
('05154', 'CAUCASIA', 'CO-ANT'),
('05172', 'CHIGORODO', 'CO-ANT'),
('05190', 'CISNEROS', 'CO-ANT'),
('05197', 'COCORNA', 'CO-ANT'),
('05206', 'CONCEPCION', 'CO-ANT'),
('05209', 'CONCORDIA', 'CO-ANT'),
('05212', 'COPACABANA', 'CO-ANT'),
('05234', 'DABEIBA', 'CO-ANT'),
('05237', 'DON MATIAS', 'CO-ANT'),
('05240', 'EBEJICO', 'CO-ANT'),
('05250', 'EL BAGRE', 'CO-ANT'),
('05264', 'ENTRERRIOS', 'CO-ANT'),
('05266', 'ENVIGADO', 'CO-ANT'),
('05282', 'FREDONIA', 'CO-ANT'),
('05284', 'FRONTINO', 'CO-ANT'),
('05306', 'GIRALDO', 'CO-ANT'),
('05308', 'GIRARDOTA', 'CO-ANT'),
('05310', 'GOMEZ PLATA', 'CO-ANT'),
('05313', 'GRANADA', 'CO-ANT'),
('05315', 'GUADALUPE', 'CO-ANT'),
('05318', 'GUARNE', 'CO-ANT'),
('05321', 'GUATAPE', 'CO-ANT'),
('05347', 'HELICONIA', 'CO-ANT'),
('05353', 'HISPANIA', 'CO-ANT'),
('05360', 'ITAGÜI', 'CO-ANT'),
('05361', 'ITUANGO', 'CO-ANT'),
('05364', 'JARDIN', 'CO-ANT'),
('05368', 'JERICO', 'CO-ANT'),
('05376', 'LA CEJA', 'CO-ANT'),
('05380', 'LA ESTRELLA', 'CO-ANT'),
('05390', 'LA PINTADA', 'CO-ANT'),
('05400', 'LA UNION', 'CO-ANT'),
('05411', 'LIBORINA', 'CO-ANT'),
('05425', 'MACEO', 'CO-ANT'),
('05440', 'MARINILLA', 'CO-ANT'),
('05467', 'MONTEBELLO', 'CO-ANT'),
('05475', 'MURINDO', 'CO-ANT'),
('05480', 'MUTATA', 'CO-ANT'),
('05483', 'NARIÑO', 'CO-ANT'),
('05490', 'NECOCLI', 'CO-ANT'),
('05495', 'NECHI', 'CO-ANT'),
('05501', 'OLAYA', 'CO-ANT'),
('05541', 'PEÑOL', 'CO-ANT'),
('05543', 'PEQUE', 'CO-ANT'),
('05576', 'PUEBLORRICO', 'CO-ANT'),
('05579', 'PUERTO BERRIO', 'CO-ANT'),
('05585', 'PUERTO NARE', 'CO-ANT'),
('05591', 'PUERTO TRIUNFO', 'CO-ANT'),
('05604', 'REMEDIOS', 'CO-ANT'),
('05607', 'RETIRO', 'CO-ANT'),
('05615', 'RIONEGRO', 'CO-ANT'),
('05628', 'SABANALARGA', 'CO-ANT'),
('05631', 'SABANETA', 'CO-ANT'),
('05642', 'SALGAR', 'CO-ANT'),
('05647', 'SAN ANDRES', 'CO-ANT'),
('05649', 'SAN CARLOS', 'CO-ANT'),
('05652', 'SAN FRANCISCO', 'CO-ANT'),
('05656', 'SAN JERONIMO', 'CO-ANT'),
('05658', 'SAN JOSE DE LA MONTAÑA', 'CO-ANT'),
('05659', 'SAN JUAN DE URABA', 'CO-ANT'),
('05660', 'SAN LUIS', 'CO-ANT'),
('05664', 'SAN PEDRO', 'CO-ANT'),
('05665', 'SAN PEDRO DE URABA', 'CO-ANT'),
('05667', 'SAN RAFAEL', 'CO-ANT'),
('05670', 'SAN ROQUE', 'CO-ANT'),
('05674', 'SAN VICENTE', 'CO-ANT'),
('05679', 'SANTA BARBARA', 'CO-ANT'),
('05686', 'SANTA ROSA DE OSOS', 'CO-ANT'),
('05690', 'SANTO DOMINGO', 'CO-ANT'),
('05697', 'EL SANTUARIO', 'CO-ANT'),
('05736', 'SEGOVIA', 'CO-ANT'),
('05756', 'SONSON', 'CO-ANT'),
('05761', 'SOPETRAN', 'CO-ANT'),
('05789', 'TAMESIS', 'CO-ANT'),
('05790', 'TARAZA', 'CO-ANT'),
('05792', 'TARSO', 'CO-ANT'),
('05809', 'TITIRIBI', 'CO-ANT'),
('05819', 'TOLEDO', 'CO-ANT'),
('05837', 'TURBO', 'CO-ANT'),
('05842', 'URAMITA', 'CO-ANT'),
('05847', 'URRAO', 'CO-ANT'),
('05854', 'VALDIVIA', 'CO-ANT'),
('05856', 'VALPARAISO', 'CO-ANT'),
('05858', 'VEGACHI', 'CO-ANT'),
('05861', 'VENECIA', 'CO-ANT'),
('05873', 'VIGIA DEL FUERTE', 'CO-ANT'),
('05885', 'YALI', 'CO-ANT'),
('05887', 'YARUMAL', 'CO-ANT'),
('05890', 'YOLOMBO', 'CO-ANT'),
('05893', 'YONDO', 'CO-ANT'),
('05895', 'ZARAGOZA', 'CO-ANT'),
('08001', 'BARRANQUILLA', 'CO-ATL'),
('08078', 'BARANOA', 'CO-ATL'),
('08137', 'CAMPO DE LA CRUZ', 'CO-ATL'),
('08141', 'CANDELARIA', 'CO-ATL'),
('08296', 'GALAPA', 'CO-ATL'),
('08372', 'JUAN DE ACOSTA', 'CO-ATL'),
('08421', 'LURUACO', 'CO-ATL'),
('08433', 'MALAMBO', 'CO-ATL'),
('08436', 'MANATI', 'CO-ATL'),
('08520', 'PALMAR DE VARELA', 'CO-ATL'),
('08549', 'PIOJO', 'CO-ATL'),
('08558', 'POLONUEVO', 'CO-ATL'),
('08560', 'PONEDERA', 'CO-ATL'),
('08573', 'PUERTO COLOMBIA', 'CO-ATL'),
('08606', 'REPELON', 'CO-ATL'),
('08634', 'SABANAGRANDE', 'CO-ATL'),
('08638', 'SABANALARGA', 'CO-ATL'),
('08675', 'SANTA LUCIA', 'CO-ATL'),
('08685', 'SANTO TOMAS', 'CO-ATL'),
('08758', 'SOLEDAD', 'CO-ATL'),
('08770', 'SUAN', 'CO-ATL'),
('08832', 'TUBARA', 'CO-ATL'),
('08849', 'USIACURI', 'CO-ATL');




INSERT INTO citiesormunicipalities (code, name, statereg_id) 
VALUES 
('11001', 'BOGOTA D.C.', 'CO-DC'),
('13001', 'CARTAGENA', 'CO-BOL'),
('13006', 'ACHI', 'CO-BOL'),
('13030', 'ALTOS DEL ROSARIO', 'CO-BOL'),
('13042', 'ARENAL', 'CO-BOL'),
('13052', 'ARJONA', 'CO-BOL'),
('13062', 'ARROYOHONDO', 'CO-BOL'),
('13074', 'BARRANCO DE LOBA', 'CO-BOL'),
('13140', 'CALAMAR', 'CO-BOL'),
('13160', 'CANTAGALLO', 'CO-BOL'),
('13188', 'CICUCO', 'CO-BOL'),
('13212', 'CORDOBA', 'CO-BOL'),
('13222', 'CLEMENCIA', 'CO-BOL'),
('13244', 'EL CARMEN DE BOLIVAR', 'CO-BOL'),
('13248', 'EL GUAMO', 'CO-BOL'),
('13268', 'EL PEÑON', 'CO-BOL'),
('13300', 'HATILLO DE LOBA', 'CO-BOL'),
('13430', 'MAGANGUE', 'CO-BOL'),
('13433', 'MAHATES', 'CO-BOL'),
('13440', 'MARGARITA', 'CO-BOL'),
('13442', 'MARIA LA BAJA', 'CO-BOL'),
('13458', 'MONTECRISTO', 'CO-BOL'),
('13468', 'MOMPOS', 'CO-BOL'),
('13473', 'MORALES', 'CO-BOL'),
('13549', 'PINILLOS', 'CO-BOL'),
('13580', 'REGIDOR', 'CO-BOL'),
('13600', 'RIO VIEJO', 'CO-BOL'),
('13620', 'SAN CRISTOBAL', 'CO-BOL'),
('13647', 'SAN ESTANISLAO', 'CO-BOL'),
('13650', 'SAN FERNANDO', 'CO-BOL'),
('13654', 'SAN JACINTO', 'CO-BOL'),
('13655', 'SAN JACINTO DEL CAUCA', 'CO-BOL'),
('13657', 'SAN JUAN NEPOMUCENO', 'CO-BOL'),
('13667', 'SAN MARTIN DE LOBA', 'CO-BOL'),
('13670', 'SAN PABLO', 'CO-BOL'),
('13673', 'SANTA CATALINA', 'CO-BOL'),
('13683', 'SANTA ROSA', 'CO-BOL'),
('13688', 'SANTA ROSA DEL SUR', 'CO-BOL'),
('13744', 'SIMITI', 'CO-BOL'),
('13760', 'SOPLAVIENTO', 'CO-BOL'),
('13780', 'TALAIGUA NUEVO', 'CO-BOL'),
('13810', 'TIQUISIO', 'CO-BOL'),
('13836', 'TURBACO', 'CO-BOL'),
('13838', 'TURBANA', 'CO-BOL'),
('13873', 'VILLANUEVA', 'CO-BOL'),
('13894', 'ZAMBRANO', 'CO-BOL'),
('15001', 'TUNJA', 'CO-BOY'),
('15022', 'ALMEIDA', 'CO-BOY'),
('15047', 'AQUITANIA', 'CO-BOY'),
('15051', 'ARCABUCO', 'CO-BOY'),
('15087', 'BELEN', 'CO-BOY'),
('15090', 'BERBEO', 'CO-BOY'),
('15092', 'BETEITIVA', 'CO-BOY'),
('15097', 'BOAVITA', 'CO-BOY'),
('15104', 'BOYACA', 'CO-BOY'),
('15106', 'BRICEÑO', 'CO-BOY'),
('15109', 'BUENAVISTA', 'CO-BOY'),
('15114', 'BUSBANZA', 'CO-BOY'),
('15131', 'CALDAS', 'CO-BOY'),
('15135', 'CAMPOHERMOSO', 'CO-BOY'),
('15162', 'CERINZA', 'CO-BOY'),
('15172', 'CHINAVITA', 'CO-BOY'),
('15176', 'CHIQUINQUIRA', 'CO-BOY'),
('15180', 'CHISCAS', 'CO-BOY'),
('15183', 'CHITA', 'CO-BOY'),
('15185', 'CHITARAQUE', 'CO-BOY'),
('15187', 'CHIVATA', 'CO-BOY'),
('15189', 'CIENEGA', 'CO-BOY'),
('15204', 'COMBITA', 'CO-BOY'),
('15212', 'COPER', 'CO-BOY'),
('15215', 'CORRALES', 'CO-BOY'),
('15218', 'COVARACHIA', 'CO-BOY'),
('15223', 'CUBARA', 'CO-BOY'),
('15224', 'CUCAITA', 'CO-BOY'),
('15226', 'CUITIVA', 'CO-BOY'),
('15232', 'CHIQUIZA', 'CO-BOY'),
('15236', 'CHIVOR', 'CO-BOY'),
('15238', 'DUITAMA', 'CO-BOY'),
('15244', 'EL COCUY', 'CO-BOY'),
('15248', 'EL ESPINO', 'CO-BOY'),
('15272', 'FIRAVITOBA', 'CO-BOY'),
('15276', 'FLORESTA', 'CO-BOY'),
('15293', 'GACHANTIVA', 'CO-BOY'),
('15296', 'GAMEZA', 'CO-BOY'),
('15299', 'GARAGOA', 'CO-BOY'),
('15317', 'GUACAMAYAS', 'CO-BOY'),
('15322', 'GUATEQUE', 'CO-BOY'),
('15325', 'GUAYATA', 'CO-BOY'),
('15332', 'GÜICAN', 'CO-BOY'),
('15362', 'IZA', 'CO-BOY'),
('15367', 'JENESANO', 'CO-BOY'),
('15368', 'JERICO', 'CO-BOY'),
('15377', 'LABRANZAGRANDE', 'CO-BOY'),
('15380', 'LA CAPILLA', 'CO-BOY'),
('15401', 'LA VICTORIA', 'CO-BOY'),
('15403', 'LA UVITA', 'CO-BOY'),
('15407', 'VILLA DE LEYVA', 'CO-BOY'),
('15425', 'MACANAL', 'CO-BOY'),
('15442', 'MARIPI', 'CO-BOY'),
('15455', 'MIRAFLORES', 'CO-BOY'),
('15464', 'MONGUA', 'CO-BOY'),
('15466', 'MONGUI', 'CO-BOY'),
('15469', 'MONIQUIRA', 'CO-BOY'),
('15476', 'MOTAVITA', 'CO-BOY'),
('15480', 'MUZO', 'CO-BOY'),
('15491', 'NOBSA', 'CO-BOY'),
('15494', 'NUEVO COLON', 'CO-BOY'),
('15500', 'OICATA', 'CO-BOY'),
('15507', 'OTANCHE', 'CO-BOY'),
('15511', 'PACHAVITA', 'CO-BOY'),
('15514', 'PAEZ', 'CO-BOY'),
('15516', 'PAIPA', 'CO-BOY'),
('15518', 'PAJARITO', 'CO-BOY'),
('15522', 'PANQUEBA', 'CO-BOY'),
('15531', 'PAUNA', 'CO-BOY'),
('15533', 'PAYA', 'CO-BOY'),
('15537', 'PAZ DE RIO', 'CO-BOY'),
('15542', 'PESCA', 'CO-BOY'),
('15550', 'PISBA', 'CO-BOY'),
('15572', 'PUERTO BOYACA', 'CO-BOY'),
('15580', 'QUIPAMA', 'CO-BOY'),
('15599', 'RAMIRIQUI', 'CO-BOY'),
('15600', 'RAQUIRA', 'CO-BOY'),
('15621', 'RONDON', 'CO-BOY'),
('15632', 'SABOYA', 'CO-BOY'),
('15638', 'SACHICA', 'CO-BOY'),
('15646', 'SAMACA', 'CO-BOY'),
('15660', 'SAN EDUARDO', 'CO-BOY'),
('15664', 'SAN JOSE DE PARE', 'CO-BOY'),
('15667', 'SAN LUIS DE GACENO', 'CO-BOY'),
('15673', 'SAN MATEO', 'CO-BOY'),
('15676', 'SAN MIGUEL DE SEMA', 'CO-BOY'),
('15681', 'SAN PABLO DE BORBUR', 'CO-BOY'),
('15686', 'SANTANA', 'CO-BOY'),
('15690', 'SANTA MARIA', 'CO-BOY'),
('15693', 'SANTA ROSA DE VITERBO', 'CO-BOY'),
('15696', 'SANTA SOFIA', 'CO-BOY'),
('15720', 'SATIVANORTE', 'CO-BOY'),
('15723', 'SATIVASUR', 'CO-BOY'),
('15740', 'SIACHOQUE', 'CO-BOY'),
('15753', 'SOATA', 'CO-BOY'),
('15755', 'SOCOTA', 'CO-BOY'),
('15757', 'SOCHA', 'CO-BOY'),
('15759', 'SOGAMOSO', 'CO-BOY'),
('15761', 'SOMONDOCO', 'CO-BOY'),
('15762', 'SORA', 'CO-BOY'),
('15763', 'SOTAQUIRA', 'CO-BOY'),
('15764', 'SORACA', 'CO-BOY'),
('15774', 'SUSACON', 'CO-BOY'),
('15776', 'SUTAMARCHAN', 'CO-BOY'),
('15778', 'SUTATENZA', 'CO-BOY'),
('15790', 'TASCO', 'CO-BOY'),
('15798', 'TENZA', 'CO-BOY'),
('15804', 'TIBANA', 'CO-BOY'),
('15806', 'TIBASOSA', 'CO-BOY'),
('15808', 'TINJACA', 'CO-BOY'),
('15810', 'TIPACOQUE', 'CO-BOY'),
('15814', 'TOCA', 'CO-BOY'),
('15816', 'TOGÜI', 'CO-BOY'),
('15820', 'TOPAGA', 'CO-BOY'),
('15822', 'TOTA', 'CO-BOY'),
('15832', 'TUNUNGUA', 'CO-BOY'),
('15835', 'TURMEQUE', 'CO-BOY'),
('15837', 'TUTA', 'CO-BOY'),
('15839', 'TUTAZA', 'CO-BOY'),
('15842', 'UMBITA', 'CO-BOY'),
('15861', 'VENTAQUEMADA', 'CO-BOY'),
('15879', 'VIRACACHA', 'CO-BOY'),
('15897', 'ZETAQUIRA', 'CO-BOY'),
('17001', 'MANIZALES', 'CO-CAL'),
('17013', 'AGUADAS', 'CO-CAL'),
('17042', 'ANSERMA', 'CO-CAL'),
('17050', 'ARANZAZU', 'CO-CAL'),
('17088', 'BELALCAZAR', 'CO-CAL'),
('17174', 'CHINCHINA', 'CO-CAL'),
('17272', 'FILADELFIA', 'CO-CAL'),
('17380', 'LA DORADA', 'CO-CAL'),
('17388', 'LA MERCED', 'CO-CAL'),
('17433', 'MANZANARES', 'CO-CAL'),
('17442', 'MARMATO', 'CO-CAL'),
('17444', 'MARQUETALIA', 'CO-CAL'),
('17446', 'MARULANDA', 'CO-CAL'),
('17486', 'NEIRA', 'CO-CAL'),
('17495', 'NORCASIA', 'CO-CAL'),
('17513', 'PACORA', 'CO-CAL'),
('17524', 'PALESTINA', 'CO-CAL'),
('17541', 'PENSILVANIA', 'CO-CAL'),
('17614', 'RIOSUCIO', 'CO-CAL'),
('17616', 'RISARALDA', 'CO-CAL'),
('17653', 'SALAMINA', 'CO-CAL'),
('17662', 'SAMANA', 'CO-CAL'),
('17665', 'SAN JOSE', 'CO-CAL'),
('17777', 'SUPIA', 'CO-CAL'),
('17867', 'VICTORIA', 'CO-CAL'),
('17873', 'VILLAMARIA', 'CO-CAL'),
('17877', 'VITERBO', 'CO-CAL'),
('18001', 'FLORENCIA', 'CO-CAQ'),
('18029', 'ALBANIA', 'CO-CAQ'),
('18094', 'BELEN DE LOS ANDAQUIES', 'CO-CAQ'),
('18150', 'CARTAGENA DEL CHAIRA', 'CO-CAQ'),
('18205', 'CURILLO', 'CO-CAQ'),
('18247', 'EL DONCELLO', 'CO-CAQ'),
('18256', 'EL PAUJIL', 'CO-CAQ'),
('18410', 'LA MONTAÑITA', 'CO-CAQ'),
('18460', 'MILAN', 'CO-CAQ'),
('18479', 'MORELIA', 'CO-CAQ'),
('18592', 'PUERTO RICO', 'CO-CAQ'),
('18610', 'SAN JOSE DE LA FRAGUA', 'CO-CAQ'),
('18753', 'SAN VICENTE DEL CAGUAN', 'CO-CAQ'),
('18756', 'SOLANO', 'CO-CAQ'),
('18785', 'SOLITA', 'CO-CAQ'),
('18860', 'VALPARAISO', 'CO-CAQ'),
('19001', 'POPAYAN', 'CO-CAU'),
('19022', 'ALMAGUER', 'CO-CAU'),
('19050', 'ARGELIA', 'CO-CAU'),
('19075', 'BALBOA', 'CO-CAU'),
('19100', 'BOLIVAR', 'CO-CAU'),
('19110', 'BUENOS AIRES', 'CO-CAU'),
('19130', 'CAJIBIO', 'CO-CAU'),
('19137', 'CALDONO', 'CO-CAU'),
('19142', 'CALOTO', 'CO-CAU'),
('19212', 'CORINTO', 'CO-CAU'),
('19256', 'EL TAMBO', 'CO-CAU'),
('19290', 'FLORENCIA', 'CO-CAU'),
('19318', 'GUAPI', 'CO-CAU'),
('19355', 'INZA', 'CO-CAU'),
('19364', 'JAMBALO', 'CO-CAU'),
('19392', 'LA SIERRA', 'CO-CAU'),
('19397', 'LA VEGA', 'CO-CAU'),
('19418', 'LOPEZ', 'CO-CAU'),
('19450', 'MERCADERES', 'CO-CAU'),
('19455', 'MIRANDA', 'CO-CAU'),
('19473', 'MORALES', 'CO-CAU'),
('19513', 'PADILLA', 'CO-CAU'),
('19517', 'PAEZ', 'CO-CAU'),
('19532', 'PATIA', 'CO-CAU'),
('19533', 'PIAMONTE', 'CO-CAU'),
('19548', 'PIENDAMO', 'CO-CAU'),
('19573', 'PUERTO TEJADA', 'CO-CAU'),
('19585', 'PURACE', 'CO-CAU'),
('19622', 'ROSAS', 'CO-CAU'),
('19693', 'SAN SEBASTIAN', 'CO-CAU'),
('19698', 'SANTANDER DE QUILICHAO', 'CO-CAU'),
('19701', 'SANTA ROSA', 'CO-CAU'),
('19743', 'SILVIA', 'CO-CAU'),
('19760', 'SOTARA', 'CO-CAU'),
('19780', 'SUAREZ', 'CO-CAU'),
('19785', 'SUCRE', 'CO-CAU'),
('19807', 'TIMBIO', 'CO-CAU'),
('19809', 'TIMBIQUI', 'CO-CAU'),
('19821', 'TORIBIO', 'CO-CAU'),
('19824', 'TOTORO', 'CO-CAU'),
('19845', 'VILLA RICA', 'CO-CAU');



INSERT INTO citiesormunicipalities (code, name, statereg_id) 
VALUES 
('20001', 'VALLEDUPAR', 'CO-CES'),
('20011', 'AGUACHICA', 'CO-CES'),
('20013', 'AGUSTIN CODAZZI', 'CO-CES'),
('20032', 'ASTREA', 'CO-CES'),
('20045', 'BECERRIL', 'CO-CES'),
('20060', 'BOSCONIA', 'CO-CES'),
('20175', 'CHIMICHAGUA', 'CO-CES'),
('20178', 'CHIRIGUANA', 'CO-CES'),
('20228', 'CURUMANI', 'CO-CES'),
('20238', 'EL COPEY', 'CO-CES'),
('20250', 'EL PASO', 'CO-CES'),
('20295', 'GAMARRA', 'CO-CES'),
('20310', 'GONZALEZ', 'CO-CES'),
('20383', 'LA GLORIA', 'CO-CES'),
('20400', 'LA JAGUA DE IBIRICO', 'CO-CES'),
('20443', 'MANAURE', 'CO-CES'),
('20517', 'PAILITAS', 'CO-CES'),
('20550', 'PELAYA', 'CO-CES'),
('20570', 'PUEBLO BELLO', 'CO-CES'),
('20614', 'RIO DE ORO', 'CO-CES'),
('20621', 'LA PAZ', 'CO-CES'),
('20710', 'SAN ALBERTO', 'CO-CES'),
('20750', 'SAN DIEGO', 'CO-CES'),
('20770', 'SAN MARTIN', 'CO-CES'),
('20787', 'TAMALAMEQUE', 'CO-CES'),
('23001', 'MONTERIA', 'CO-COR'),
('23068', 'AYAPEL', 'CO-COR'),
('23079', 'BUENAVISTA', 'CO-COR'),
('23090', 'CANALETE', 'CO-COR'),
('23162', 'CERETE', 'CO-COR'),
('23168', 'CHIMA', 'CO-COR'),
('23182', 'CHINU', 'CO-COR'),
('23189', 'CIENAGA DE ORO', 'CO-COR'),
('23300', 'COTORRA', 'CO-COR'),
('23350', 'LA APARTADA', 'CO-COR'),
('23417', 'LORICA', 'CO-COR'),
('23419', 'LOS CORDOBAS', 'CO-COR'),
('23464', 'MOMIL', 'CO-COR'),
('23466', 'MONTELIBANO', 'CO-COR'),
('23500', 'MOÑITOS', 'CO-COR'),
('23555', 'PLANETA RICA', 'CO-COR'),
('23570', 'PUEBLO NUEVO', 'CO-COR'),
('23574', 'PUERTO ESCONDIDO', 'CO-COR'),
('23580', 'PUERTO LIBERTADOR', 'CO-COR'),
('23586', 'PURISIMA', 'CO-COR'),
('23660', 'SAHAGUN', 'CO-COR'),
('23670', 'SAN ANDRES DE SOTAVENTO', 'CO-COR'),
('23672', 'SAN ANTERO', 'CO-COR'),
('23675', 'SAN BERNARDO DEL VIENTO', 'CO-COR'),
('23678', 'SAN CARLOS', 'CO-COR'),
('23686', 'SAN PELAYO', 'CO-COR'),
('23807', 'TIERRALTA', 'CO-COR'),
('23855', 'VALENCIA', 'CO-COR'),
('25001', 'AGUA DE DIOS', 'CO-CUN'),
('25019', 'ALBAN', 'CO-CUN'),
('25035', 'ANAPOIMA', 'CO-CUN'),
('25040', 'ANOLAIMA', 'CO-CUN'),
('25053', 'ARBELAEZ', 'CO-CUN'),
('25086', 'BELTRAN', 'CO-CUN'),
('25095', 'BITUIMA', 'CO-CUN'),
('25099', 'BOJACA', 'CO-CUN'),
('25120', 'CABRERA', 'CO-CUN'),
('25123', 'CACHIPAY', 'CO-CUN'),
('25126', 'CAJICA', 'CO-CUN'),
('25148', 'CAPARRAPI', 'CO-CUN'),
('25151', 'CAQUEZA', 'CO-CUN'),
('25154', 'CARMEN DE CARUPA', 'CO-CUN'),
('25168', 'CHAGUANI', 'CO-CUN'),
('25175', 'CHIA', 'CO-CUN'),
('25178', 'CHIPAQUE', 'CO-CUN'),
('25181', 'CHOACHI', 'CO-CUN'),
('25183', 'CHOCONTA', 'CO-CUN'),
('25200', 'COGUA', 'CO-CUN'),
('25214', 'COTA', 'CO-CUN'),
('25224', 'CUCUNUBA', 'CO-CUN'),
('25245', 'EL COLEGIO', 'CO-CUN'),
('25258', 'EL PEÑON', 'CO-CUN'),
('25260', 'EL ROSAL', 'CO-CUN'),
('25269', 'FACATATIVA', 'CO-CUN'),
('25279', 'FOMEQUE', 'CO-CUN'),
('25281', 'FOSCA', 'CO-CUN'),
('25286', 'FUNZA', 'CO-CUN'),
('25288', 'FUQUENE', 'CO-CUN'),
('25290', 'FUSAGASUGA', 'CO-CUN'),
('25293', 'GACHALA', 'CO-CUN'),
('25295', 'GACHANCIPA', 'CO-CUN'),
('25297', 'GACHETA', 'CO-CUN'),
('25299', 'GAMA', 'CO-CUN'),
('25307', 'GIRARDOT', 'CO-CUN'),
('25312', 'GRANADA', 'CO-CUN'),
('25317', 'GUACHETA', 'CO-CUN'),
('25320', 'GUADUAS', 'CO-CUN'),
('25322', 'GUASCA', 'CO-CUN'),
('25324', 'GUATAQUI', 'CO-CUN'),
('25326', 'GUATAVITA', 'CO-CUN'),
('25328', 'GUAYABAL DE SIQUIMA', 'CO-CUN'),
('25335', 'GUAYABETAL', 'CO-CUN'),
('25339', 'GUTIERREZ', 'CO-CUN'),
('25368', 'JERUSALEN', 'CO-CUN'),
('25372', 'JUNIN', 'CO-CUN'),
('25377', 'LA CALERA', 'CO-CUN'),
('25386', 'LA MESA', 'CO-CUN'),
('25394', 'LA PALMA', 'CO-CUN'),
('25398', 'LA PEÑA', 'CO-CUN'),
('25402', 'LA VEGA', 'CO-CUN'),
('25407', 'LENGUAZAQUE', 'CO-CUN'),
('25426', 'MACHETA', 'CO-CUN'),
('25430', 'MADRID', 'CO-CUN'),
('25436', 'MANTA', 'CO-CUN'),
('25438', 'MEDINA', 'CO-CUN'),
('25473', 'MOSQUERA', 'CO-CUN'),
('25483', 'NARIÑO', 'CO-CUN'),
('25486', 'NEMOCON', 'CO-CUN'),
('25488', 'NILO', 'CO-CUN'),
('25489', 'NIMAIMA', 'CO-CUN'),
('25491', 'NOCAIMA', 'CO-CUN'),
('25506', 'VENECIA', 'CO-CUN'),
('25513', 'PACHO', 'CO-CUN'),
('25518', 'PAIME', 'CO-CUN'),
('25524', 'PANDI', 'CO-CUN'),
('25530', 'PARATEBUENO', 'CO-CUN'),
('25535', 'PASCA', 'CO-CUN'),
('25572', 'PUERTO SALGAR', 'CO-CUN'),
('25580', 'PULI', 'CO-CUN'),
('25592', 'QUEBRADANEGRA', 'CO-CUN'),
('25594', 'QUETAME', 'CO-CUN'),
('25596', 'QUIPILE', 'CO-CUN'),
('25599', 'APULO', 'CO-CUN'),
('25612', 'RICAURTE', 'CO-CUN'),
('25645', 'SAN ANTONIO DEL TEQUENDAMA', 'CO-CUN'),
('25649', 'SAN BERNARDO', 'CO-CUN'),
('25653', 'SAN CAYETANO', 'CO-CUN'),
('25658', 'SAN FRANCISCO', 'CO-CUN'),
('25662', 'SAN JUAN DE RIO SECO', 'CO-CUN'),
('25718', 'SASAIMA', 'CO-CUN'),
('25736', 'SESQUILE', 'CO-CUN'),
('25740', 'SIBATE', 'CO-CUN'),
('25743', 'SILVANIA', 'CO-CUN'),
('25745', 'SIMIJACA', 'CO-CUN'),
('25754', 'SOACHA', 'CO-CUN'),
('25758', 'SOPO', 'CO-CUN'),
('25769', 'SUBACHOQUE', 'CO-CUN'),
('25772', 'SUESCA', 'CO-CUN'),
('25777', 'SUPATA', 'CO-CUN'),
('25779', 'SUSA', 'CO-CUN'),
('25781', 'SUTATAUSA', 'CO-CUN'),
('25785', 'TABIO', 'CO-CUN'),
('25793', 'TAUSA', 'CO-CUN'),
('25797', 'TENA', 'CO-CUN'),
('25799', 'TENJO', 'CO-CUN'),
('25805', 'TIBACUY', 'CO-CUN'),
('25807', 'TIBIRITA', 'CO-CUN'),
('25815', 'TOCAIMA', 'CO-CUN'),
('25817', 'TOCANCIPA', 'CO-CUN'),
('25823', 'TOPAIPI', 'CO-CUN'),
('25839', 'UBALA', 'CO-CUN'),
('25841', 'UBAQUE', 'CO-CUN'),
('25843', 'VILLA DE SAN DIEGO DE UBATE', 'CO-CUN'),
('25845', 'UNE', 'CO-CUN'),
('25851', 'UTICA', 'CO-CUN'),
('25862', 'VERGARA', 'CO-CUN'),
('25867', 'VIANI', 'CO-CUN'),
('25871', 'VILLAGOMEZ', 'CO-CUN'),
('25873', 'VILLAPINZON', 'CO-CUN'),
('25875', 'VILLETA', 'CO-CUN'),
('25878', 'VIOTA', 'CO-CUN'),
('25885', 'YACOPI', 'CO-CUN'),
('25898', 'ZIPACON', 'CO-CUN'),
('25899', 'ZIPAQUIRA', 'CO-CUN'),
('27001', 'QUIBDO', 'CO-CHO'),
('27006', 'ACANDI', 'CO-CHO'),
('27025', 'ALTO BAUDO', 'CO-CHO'),
('27050', 'ATRATO', 'CO-CHO'),
('27073', 'BAGADO', 'CO-CHO'),
('27075', 'BAHIA SOLANO', 'CO-CHO'),
('27077', 'BAJO BAUDO', 'CO-CHO'),
('27086', 'BELEN DE BAJIRA', 'CO-CHO'),
('27099', 'BOJAYA', 'CO-CHO'),
('27135', 'EL CANTON DEL SAN PABLO', 'CO-CHO'),
('27150', 'CARMEN DEL DARIEN', 'CO-CHO'),
('27160', 'CERTEGUI', 'CO-CHO'),
('27205', 'CONDOTO', 'CO-CHO'),
('27245', 'EL CARMEN DE ATRATO', 'CO-CHO'),
('27250', 'EL LITORAL DEL SAN JUAN', 'CO-CHO'),
('27361', 'ISTMINA', 'CO-CHO'),
('27372', 'JURADO', 'CO-CHO'),
('27413', 'LLORO', 'CO-CHO'),
('27425', 'MEDIO ATRATO', 'CO-CHO'),
('27430', 'MEDIO BAUDO', 'CO-CHO'),
('27450', 'MEDIO SAN JUAN', 'CO-CHO'),
('27491', 'NOVITA', 'CO-CHO'),
('27495', 'NUQUI', 'CO-CHO'),
('27580', 'RIO IRO', 'CO-CHO'),
('27600', 'RIO QUITO', 'CO-CHO'),
('27615', 'RIOSUCIO', 'CO-CHO'),
('27660', 'SAN JOSE DEL PALMAR', 'CO-CHO'),
('27745', 'SIPI', 'CO-CHO'),
('27787', 'TADO', 'CO-CHO'),
('27800', 'UNGUIA', 'CO-CHO'),
('27810', 'UNION PANAMERICANA', 'CO-CHO');

INSERT INTO citiesormunicipalities (code, name, statereg_id) 
VALUES 
('41001', 'NEIVA', 'CO-HUI'),
('41006', 'ACEVEDO', 'CO-HUI'),
('41013', 'AGRADO', 'CO-HUI'),
('41016', 'AIPE', 'CO-HUI'),
('41020', 'ALGECIRAS', 'CO-HUI'),
('41026', 'ALTAMIRA', 'CO-HUI'),
('41078', 'BARAYA', 'CO-HUI'),
('41132', 'CAMPOALEGRE', 'CO-HUI'),
('41206', 'COLOMBIA', 'CO-HUI'),
('41244', 'ELIAS', 'CO-HUI'),
('41298', 'GARZON', 'CO-HUI'),
('41306', 'GIGANTE', 'CO-HUI'),
('41319', 'GUADALUPE', 'CO-HUI'),
('41349', 'HOBO', 'CO-HUI'),
('41357', 'IQUIRA', 'CO-HUI'),
('41359', 'ISNOS', 'CO-HUI'),
('41378', 'LA ARGENTINA', 'CO-HUI'),
('41396', 'LA PLATA', 'CO-HUI'),
('41483', 'NATAGA', 'CO-HUI'),
('41503', 'OPORAPA', 'CO-HUI'),
('41518', 'PAICOL', 'CO-HUI'),
('41524', 'PALERMO', 'CO-HUI'),
('41530', 'PALESTINA', 'CO-HUI'),
('41548', 'PITAL', 'CO-HUI'),
('41551', 'PITALITO', 'CO-HUI'),
('41615', 'RIVERA', 'CO-HUI'),
('41660', 'SALADOBLANCO', 'CO-HUI'),
('41668', 'SAN AGUSTIN', 'CO-HUI'),
('41676', 'SANTA MARIA', 'CO-HUI'),
('41770', 'SUAZA', 'CO-HUI'),
('41791', 'TARQUI', 'CO-HUI'),
('41797', 'TESALIA', 'CO-HUI'),
('41799', 'TELLO', 'CO-HUI'),
('41801', 'TERUEL', 'CO-HUI'),
('41807', 'TIMANA', 'CO-HUI'),
('41872', 'VILLAVIEJA', 'CO-HUI'),
('41885', 'YAGUARA', 'CO-HUI'),
('44001', 'RIOHACHA', 'CO-LAG'),
('44035', 'ALBANIA', 'CO-LAG'),
('44078', 'BARRANCAS', 'CO-LAG'),
('44090', 'DIBULLA', 'CO-LAG'),
('44098', 'DISTRACCION', 'CO-LAG'),
('44110', 'EL MOLINO', 'CO-LAG'),
('44279', 'FONSECA', 'CO-LAG'),
('44378', 'HATONUEVO', 'CO-LAG'),
('44420', 'LA JAGUA DEL PILAR', 'CO-LAG'),
('44430', 'MAICAO', 'CO-LAG'),
('44560', 'MANAURE', 'CO-LAG'),
('44650', 'SAN JUAN DEL CESAR', 'CO-LAG'),
('44847', 'URIBIA', 'CO-LAG'),
('44855', 'URUMITA', 'CO-LAG'),
('44874', 'VILLANUEVA', 'CO-LAG'),
('47001', 'SANTA MARTA', 'CO-MAG'),
('47030', 'ALGARROBO', 'CO-MAG'),
('47053', 'ARACATACA', 'CO-MAG'),
('47058', 'ARIGUANI', 'CO-MAG'),
('47161', 'CERRO SAN ANTONIO', 'CO-MAG'),
('47170', 'CHIVOLO', 'CO-MAG'),
('47189', 'CIENAGA', 'CO-MAG'),
('47205', 'CONCORDIA', 'CO-MAG'),
('47245', 'EL BANCO', 'CO-MAG'),
('47258', 'EL PIÑON', 'CO-MAG'),
('47268', 'EL RETEN', 'CO-MAG'),
('47288', 'FUNDACION', 'CO-MAG'),
('47318', 'GUAMAL', 'CO-MAG'),
('47460', 'NUEVA GRANADA', 'CO-MAG'),
('47541', 'PEDRAZA', 'CO-MAG'),
('47545', 'PIJIÑO DEL CARMEN', 'CO-MAG'),
('47551', 'PIVIJAY', 'CO-MAG'),
('47555', 'PLATO', 'CO-MAG'),
('47570', 'PUEBLOVIEJO', 'CO-MAG'),
('47605', 'REMOLINO', 'CO-MAG'),
('47660', 'SABANAS DE SAN ANGEL', 'CO-MAG'),
('47675', 'SALAMINA', 'CO-MAG'),
('47692', 'SAN SEBASTIAN', 'CO-MAG'),
('47703', 'SAN ZENON', 'CO-MAG'),
('47707', 'SANTA ANA', 'CO-MAG'),
('47720', 'SANTA BARBARA DE PINTO', 'CO-MAG'),
('47745', 'SITIONUEVO', 'CO-MAG'),
('47798', 'TENERIFE', 'CO-MAG'),
('47960', 'ZAPAYAN', 'CO-MAG'),
('47980', 'ZONA BANANERA', 'CO-MAG');

INSERT INTO citiesormunicipalities (code, name, statereg_id) 
VALUES 
('52203', 'COLON', 'CO-NAR'),
('52207', 'CONSACA', 'CO-NAR'),
('52210', 'CONTADERO', 'CO-NAR'),
('52215', 'CORDOBA', 'CO-NAR'),
('52224', 'CUASPUD', 'CO-NAR'),
('52227', 'CUMBAL', 'CO-NAR'),
('52233', 'CUMBITARA', 'CO-NAR'),
('52240', 'CHACHAGÜI', 'CO-NAR'),
('52250', 'EL CHARCO', 'CO-NAR'),
('52254', 'EL PEÑOL', 'CO-NAR'),
('52256', 'EL ROSARIO', 'CO-NAR'),
('52258', 'EL TABLON DE GOMEZ', 'CO-NAR'),
('52260', 'EL TAMBO', 'CO-NAR'),
('52287', 'FUNES', 'CO-NAR'),
('52317', 'GUACHUCAL', 'CO-NAR'),
('52320', 'GUAITARILLA', 'CO-NAR'),
('52323', 'GUALMATAN', 'CO-NAR'),
('52352', 'ILES', 'CO-NAR'),
('52354', 'IMUES', 'CO-NAR'),
('52356', 'IPIALES', 'CO-NAR'),
('52378', 'LA CRUZ', 'CO-NAR'),
('52381', 'LA FLORIDA', 'CO-NAR'),
('52385', 'LA LLANADA', 'CO-NAR'),
('52390', 'LA TOLA', 'CO-NAR'),
('52399', 'LA UNION', 'CO-NAR'),
('52405', 'LEIVA', 'CO-NAR'),
('52411', 'LINARES', 'CO-NAR'),
('52418', 'LOS ANDES', 'CO-NAR'),
('52427', 'MAGÜI', 'CO-NAR'),
('52435', 'MALLAMA', 'CO-NAR'),
('52473', 'MOSQUERA', 'CO-NAR'),
('52480', 'NARIÑO', 'CO-NAR'),
('52490', 'OLAYA HERRERA', 'CO-NAR'),
('52506', 'OSPINA', 'CO-NAR'),
('52520', 'FRANCISCO PIZARRO', 'CO-NAR'),
('52540', 'POLICARPA', 'CO-NAR'),
('52560', 'POTOSI', 'CO-NAR'),
('52565', 'PROVIDENCIA', 'CO-NAR'),
('52573', 'PUERRES', 'CO-NAR'),
('52585', 'PUPIALES', 'CO-NAR'),
('52612', 'RICAURTE', 'CO-NAR'),
('52621', 'ROBERTO PAYAN', 'CO-NAR'),
('52678', 'SAMANIEGO', 'CO-NAR'),
('52683', 'SANDONA', 'CO-NAR'),
('52685', 'SAN BERNARDO', 'CO-NAR'),
('52687', 'SAN LORENZO', 'CO-NAR'),
('52693', 'SAN PABLO', 'CO-NAR'),
('52694', 'SAN PEDRO DE CARTAGO', 'CO-NAR'),
('52696', 'SANTA BARBARA', 'CO-NAR'),
('52699', 'SANTACRUZ', 'CO-NAR'),
('52720', 'SAPUYES', 'CO-NAR'),
('52786', 'TAMINANGO', 'CO-NAR'),
('52788', 'TANGUA', 'CO-NAR'),
('52835', 'TUMACO', 'CO-NAR'),
('52838', 'TUQUERRES', 'CO-NAR'),
('52885', 'YACUANQUER', 'CO-NAR'),
('54001', 'CUCUTA', 'CO-NSA'),
('54003', 'ABREGO', 'CO-NSA'),
('54051', 'ARBOLEDAS', 'CO-NSA'),
('54099', 'BOCHALEMA', 'CO-NSA'),
('54109', 'BUCARASICA', 'CO-NSA'),
('54125', 'CACOTA', 'CO-NSA'),
('54128', 'CACHIRA', 'CO-NSA'),
('54172', 'CHINACOTA', 'CO-NSA'),
('54174', 'CHITAGA', 'CO-NSA'),
('54206', 'CONVENCION', 'CO-NSA'),
('54223', 'CUCUTILLA', 'CO-NSA'),
('54239', 'DURANIA', 'CO-NSA'),
('54245', 'EL CARMEN', 'CO-NSA'),
('54250', 'EL TARRA', 'CO-NSA'),
('54261', 'EL ZULIA', 'CO-NSA'),
('54313', 'GRAMALOTE', 'CO-NSA'),
('54344', 'HACARI', 'CO-NSA'),
('54347', 'HERRAN', 'CO-NSA'),
('54377', 'LABATECA', 'CO-NSA'),
('54385', 'LA ESPERANZA', 'CO-NSA'),
('54398', 'LA PLAYA', 'CO-NSA'),
('54405', 'LOS PATIOS', 'CO-NSA'),
('54418', 'LOURDES', 'CO-NSA'),
('54480', 'MUTISCUA', 'CO-NSA'),
('54498', 'OCAÑA', 'CO-NSA'),
('54518', 'PAMPLONA', 'CO-NSA'),
('54520', 'PAMPLONITA', 'CO-NSA'),
('54553', 'PUERTO SANTANDER', 'CO-NSA'),
('54599', 'RAGONVALIA', 'CO-NSA'),
('54660', 'SALAZAR', 'CO-NSA'),
('54670', 'SAN CALIXTO', 'CO-NSA'),
('54673', 'SAN CAYETANO', 'CO-NSA'),
('54680', 'SANTIAGO', 'CO-NSA'),
('54720', 'SARDINATA', 'CO-NSA'),
('54743', 'SILOS', 'CO-NSA'),
('54800', 'TEORAMA', 'CO-NSA'),
('54810', 'TIBU', 'CO-NSA'),
('54820', 'TOLEDO', 'CO-NSA'),
('54871', 'VILLA CARO', 'CO-NSA'),
('54874', 'VILLA DEL ROSARIO', 'CO-NSA'),
('66682', 'SANTA ROSA DE CABAL', 'CO-RIS'),
('66687', 'SANTUARIO', 'CO-RIS'),
('68001', 'BUCARAMANGA', 'CO-SAN'),
('68013', 'AGUADA', 'CO-SAN'),
('68020', 'ALBANIA', 'CO-SAN'),
('68051', 'ARATOCA', 'CO-SAN'),
('68077', 'BARBOSA', 'CO-SAN'),
('68079', 'BARICHARA', 'CO-SAN'),
('68081', 'BARRANCABERMEJA', 'CO-SAN'),
('68092', 'BETULIA', 'CO-SAN'),
('68101', 'BOLIVAR', 'CO-SAN'),
('68121', 'CABRERA', 'CO-SAN'),
('68132', 'CALIFORNIA', 'CO-SAN'),
('68147', 'CAPITANEJO', 'CO-SAN'),
('68152', 'CARCASI', 'CO-SAN'),
('68160', 'CEPITA', 'CO-SAN'),
('68162', 'CERRITO', 'CO-SAN'),
('68167', 'CHARALA', 'CO-SAN'),
('68169', 'CHARTA', 'CO-SAN'),
('68176', 'CHIMA', 'CO-SAN'),
('68179', 'CHIPATA', 'CO-SAN'),
('68190', 'CIMITARRA', 'CO-SAN'),
('68207', 'CONCEPCION', 'CO-SAN'),
('68209', 'CONFINES', 'CO-SAN'),
('68211', 'CONTRATACION', 'CO-SAN'),
('68217', 'COROMORO', 'CO-SAN'),
('68229', 'CURITI', 'CO-SAN'),
('68235', 'EL CARMEN DE CHUCURI', 'CO-SAN'),
('68245', 'EL GUACAMAYO', 'CO-SAN'),
('68250', 'EL PEÑON', 'CO-SAN'),
('68255', 'EL PLAYON', 'CO-SAN'),
('68264', 'ENCINO', 'CO-SAN'),
('68266', 'ENCISO', 'CO-SAN'),
('68271', 'FLORIAN', 'CO-SAN'),
('68276', 'FLORIDABLANCA', 'CO-SAN'),
('68296', 'GALAN', 'CO-SAN'),
('68298', 'GAMBITA', 'CO-SAN'),
('68307', 'GIRON', 'CO-SAN'),
('68318', 'GUACA', 'CO-SAN'),
('68320', 'GUADALUPE', 'CO-SAN'),
('68322', 'GUAPOTA', 'CO-SAN'),
('68324', 'GUAVATA', 'CO-SAN'),
('68327', 'GÜEPSA', 'CO-SAN'),
('68344', 'HATO', 'CO-SAN'),
('68368', 'JESUS MARIA', 'CO-SAN'),
('68370', 'JORDAN', 'CO-SAN'),
('68377', 'LA BELLEZA', 'CO-SAN'),
('68385', 'LANDAZURI', 'CO-SAN'),
('68397', 'LA PAZ', 'CO-SAN'),
('68406', 'LEBRIJA', 'CO-SAN'),
('68418', 'LOS SANTOS', 'CO-SAN'),
('68425', 'MACARAVITA', 'CO-SAN'),
('68432', 'MALAGA', 'CO-SAN'),
('68444', 'MATANZA', 'CO-SAN'),
('68464', 'MOGOTES', 'CO-SAN'),
('68468', 'MOLAGAVITA', 'CO-SAN'),
('68498', 'OCAMONTE', 'CO-SAN'),
('68500', 'OIBA', 'CO-SAN'),
('68502', 'ONZAGA', 'CO-SAN'),
('68522', 'PALMAR', 'CO-SAN'),
('68524', 'PALMAS DEL SOCORRO', 'CO-SAN'),
('68533', 'PARAMO', 'CO-SAN'),
('68547', 'PIEDECUESTA', 'CO-SAN'),
('68549', 'PINCHOTE', 'CO-SAN'),
('68572', 'PUENTE NACIONAL', 'CO-SAN'),
('68573', 'PUERTO PARRA', 'CO-SAN'),
('68575', 'PUERTO WILCHES', 'CO-SAN'),
('68615', 'RIONEGRO', 'CO-SAN'),
('68655', 'SABANA DE TORRES', 'CO-SAN'),
('68669', 'SAN ANDRES', 'CO-SAN'),
('68673', 'SAN BENITO', 'CO-SAN'),
('68679', 'SAN GIL', 'CO-SAN'),
('68682', 'SAN JOAQUIN', 'CO-SAN'),
('68684', 'SAN JOSE DE MIRANDA', 'CO-SAN'),
('68686', 'SAN MIGUEL', 'CO-SAN'),
('68689', 'SAN VICENTE DE CHUCURI', 'CO-SAN'),
('68705', 'SANTA BARBARA', 'CO-SAN'),
('68720', 'SANTA HELENA DEL OPON', 'CO-SAN'),
('68745', 'SIMACOTA', 'CO-SAN'),
('68755', 'SOCORRO', 'CO-SAN'),
('68770', 'SUAITA', 'CO-SAN'),
('68773', 'SUCRE', 'CO-SAN'),
('68780', 'SURATA', 'CO-SAN'),
('68820', 'TONA', 'CO-SAN'),
('68855', 'VALLE DE SAN JOSE', 'CO-SAN'),
('68861', 'VELEZ', 'CO-SAN'),
('68867', 'VETAS', 'CO-SAN'),
('68872', 'VILLANUEVA', 'CO-SAN'),
('68895', 'ZAPATOCA', 'CO-SAN'),
('70001', 'SINCELEJO', 'CO-SUC'),
('70110', 'BUENAVISTA', 'CO-SUC'),
('70124', 'CAIMITO', 'CO-SUC'),
('70204', 'COLOSO', 'CO-SUC'),
('70215', 'COROZAL', 'CO-SUC'),
('70221', 'COVEÑAS', 'CO-SUC'),
('70230', 'CHALÁN', 'CO-SUC'),
('70233', 'EL ROBLE', 'CO-SUC'),
('70235', 'GALERAS', 'CO-SUC'),
('70265', 'GUARANDA', 'CO-SUC'),
('70400', 'LA UNIÓN', 'CO-SUC'),
('70418', 'LOS PALMITOS', 'CO-SUC'),
('70429', 'MAJAGUAL', 'CO-SUC'),
('70473', 'MORROA', 'CO-SUC'),
('70508', 'OVEJAS', 'CO-SUC'),
('70523', 'PALMITO', 'CO-SUC'),
('70670', 'SAMPUÉS', 'CO-SUC'),
('70678', 'SAN BENITO ABAD', 'CO-SUC'),
('70702', 'SAN JUAN DE BETULIA', 'CO-SUC'),
('70708', 'SAN MARCOS', 'CO-SUC'),
('70713', 'SAN ONOFRE', 'CO-SUC'),
('70717', 'SAN PEDRO', 'CO-SUC'),
('70742', 'SANTIAGO DE TOLÚ', 'CO-SUC'),
('70771', 'SINCÉ', 'CO-SUC'),
('70820', 'TOLÚ VIEJO', 'CO-SUC'),
('73001', 'IBAGUÉ', 'CO-TOL'),
('73024', 'ALPUJARRA', 'CO-TOL'),
('73026', 'ALVARADO', 'CO-TOL'),
('73030', 'AMBALEMA', 'CO-TOL'),
('73043', 'ANZOÁTEGUI', 'CO-TOL'),
('73055', 'ARMERO', 'CO-TOL'),
('73067', 'ATACO', 'CO-TOL'),
('73124', 'CAJAMARCA', 'CO-TOL'),
('73148', 'CARMEN DE APICALÁ', 'CO-TOL'),
('73152', 'CASABIANCA', 'CO-TOL'),
('73168', 'CHAPARRAL', 'CO-TOL'),
('73200', 'COELLO', 'CO-TOL'),
('73217', 'COYAIMA', 'CO-TOL'),
('73226', 'CUNDAY', 'CO-TOL'),
('73236', 'DOLORES', 'CO-TOL'),
('73268', 'ESPINAL', 'CO-TOL'),
('73270', 'FALAN', 'CO-TOL'),
('73275', 'FLANDES', 'CO-TOL'),
('73283', 'FRESNO', 'CO-TOL'),
('73319', 'GUAMO', 'CO-TOL'),
('73347', 'HERVEO', 'CO-TOL'),
('73349', 'HONDA', 'CO-TOL'),
('73352', 'ICONONZO', 'CO-TOL'),
('73408', 'LÉRIDA', 'CO-TOL'),
('73411', 'LÍBANO', 'CO-TOL'),
('73443', 'MARIQUITA', 'CO-TOL'),
('73449', 'MELGAR', 'CO-TOL'),
('73461', 'MURILLO', 'CO-TOL'),
('73483', 'NATAGAIMA', 'CO-TOL'),
('73504', 'ORTEGA', 'CO-TOL'),
('73520', 'PALOCABILDO', 'CO-TOL'),
('73547', 'PIEDRAS', 'CO-TOL'),
('73555', 'PLANADAS', 'CO-TOL'),
('73563', 'PRADO', 'CO-TOL'),
('73585', 'PURIFICACIÓN', 'CO-TOL'),
('73616', 'RIOBLANCO', 'CO-TOL'),
('73622', 'RONCESVALLES', 'CO-TOL'),
('73624', 'ROVIRA', 'CO-TOL'),
('73671', 'SALDAÑA', 'CO-TOL'),
('73675', 'SAN ANTONIO', 'CO-TOL'),
('73678', 'SAN LUIS', 'CO-TOL'),
('73686', 'SANTA ISABEL', 'CO-TOL'),
('73770', 'SUÁREZ', 'CO-TOL'),
('73854', 'VALLE DE SAN JUAN', 'CO-TOL'),
('73861', 'VENADILLO', 'CO-TOL'),
('73870', 'VILLAHERMOSA', 'CO-TOL'),
('73873', 'VILLARRICA', 'CO-TOL'),
('76001', 'CALI', 'CO-VAC'),
('76020', 'ALCALA', 'CO-VAC'),
('76036', 'ANDALUCIA', 'CO-VAC'),
('76041', 'ANSERMANUEVO', 'CO-VAC'),
('76054', 'ARGELIA', 'CO-VAC'),
('76100', 'BOLIVAR', 'CO-VAC'),
('76109', 'BUENAVENTURA', 'CO-VAC'),
('76111', 'GUADALAJARA DE BUGA', 'CO-VAC'),
('76113', 'BUGALAGRANDE', 'CO-VAC'),
('76122', 'CAICEDONIA', 'CO-VAC'),
('76126', 'CALIMA', 'CO-VAC'),
('76130', 'CANDELARIA', 'CO-VAC'),
('76147', 'CARTAGO', 'CO-VAC'),
('76233', 'DAGUA', 'CO-VAC'),
('76243', 'EL AGUILA', 'CO-VAC'),
('76246', 'EL CAIRO', 'CO-VAC'),
('76248', 'EL CERRITO', 'CO-VAC'),
('76250', 'EL DOVIO', 'CO-VAC'),
('76275', 'FLORIDA', 'CO-VAC'),
('76306', 'GINEBRA', 'CO-VAC'),
('76318', 'GUACARI', 'CO-VAC'),
('76364', 'JAMUNDI', 'CO-VAC'),
('76377', 'LA CUMBRE', 'CO-VAC'),
('76400', 'LA UNION', 'CO-VAC'),
('76403', 'LA VICTORIA', 'CO-VAC'),
('76497', 'OBANDO', 'CO-VAC'),
('76520', 'PALMIRA', 'CO-VAC'),
('76563', 'PRADERA', 'CO-VAC'),
('76606', 'RESTREPO', 'CO-VAC'),
('76616', 'RIOFRIO', 'CO-VAC'),
('76622', 'ROLDANILLO', 'CO-VAC'),
('76670', 'SAN PEDRO', 'CO-VAC'),
('76736', 'SEVILLA', 'CO-VAC'),
('76823', 'TORO', 'CO-VAC'),
('76828', 'TRUJILLO', 'CO-VAC'),
('76834', 'TULUA', 'CO-VAC'),
('76845', 'ULLOA', 'CO-VAC'),
('76863', 'VERSALLES', 'CO-VAC'),
('76869', 'VIJES', 'CO-VAC'),
('76890', 'YOTOCO', 'CO-VAC'),
('76892', 'YUMBO', 'CO-VAC'),
('76895', 'ZARZAL', 'CO-VAC'),
('81001', 'ARAUCA', 'CO-ARA'),
('81065', 'ARAUQUITA', 'CO-ARA'),
('81220', 'CRAVO NORTE', 'CO-ARA'),
('81300', 'FORTUL', 'CO-ARA'),
('81591', 'PUERTO RONDON', 'CO-ARA'),
('81736', 'SARAVENA', 'CO-ARA'),
('81794', 'TAME', 'CO-ARA'),
('85001', 'YOPAL', 'CO-CAS'),
('85010', 'AGUAZUL', 'CO-CAS'),
('85015', 'CHAMEZA', 'CO-CAS'),
('85125', 'HATO COROZAL', 'CO-CAS'),
('85136', 'LA SALINA', 'CO-CAS'),
('85139', 'MANI', 'CO-CAS'),
('85162', 'MONTERREY', 'CO-CAS'),
('85225', 'NUNCHIA', 'CO-CAS'),
('85230', 'OROCUE', 'CO-CAS'),
('85250', 'PAZ DE ARIPORO', 'CO-CAS'),
('85263', 'PORE', 'CO-CAS'),
('85279', 'RECETOR', 'CO-CAS'),
('85300', 'SABANALARGA', 'CO-CAS'),
('85315', 'SACAMA', 'CO-CAS'),
('85325', 'SAN LUIS DE PALENQUE', 'CO-CAS'),
('85400', 'TAMARA', 'CO-CAS'),
('85410', 'TAURAMENA', 'CO-CAS'),
('85430', 'TRINIDAD', 'CO-CAS'),
('85440', 'VILLANUEVA', 'CO-CAS'),
('86001', 'MOCOA', 'CO-PUT'),
('86219', 'COLON', 'CO-PUT'),
('86320', 'ORITO', 'CO-PUT'),
('86568', 'PUERTO ASIS', 'CO-PUT'),
('86569', 'PUERTO CAICEDO', 'CO-PUT'),
('86571', 'PUERTO GUZMAN', 'CO-PUT'),
('86573', 'LEGUIZAMO', 'CO-PUT'),
('86749', 'SIBUNDOY', 'CO-PUT'),
('86755', 'SAN FRANCISCO', 'CO-PUT'),
('86757', 'SAN MIGUEL', 'CO-PUT'),
('86760', 'SANTIAGO', 'CO-PUT'),
('86865', 'VALLE DEL GUAMUEZ', 'CO-PUT'),
('86885', 'VILLAGARZON', 'CO-PUT'),
('88001', 'SAN ANDRES', 'CO-SAP'),
('88564', 'PROVIDENCIA', 'CO-SAP'),
('91001', 'LETICIA', 'CO-AMA'),
('91263', 'EL ENCANTO', 'CO-AMA'),
('91405', 'LA CHORRERA', 'CO-AMA'),
('91407', 'LA PEDRERA', 'CO-AMA'),
('91430', 'LA VICTORIA', 'CO-AMA'),
('91460', 'MIRITI - PARANA', 'CO-AMA'),
('91530', 'PUERTO ALEGRIA', 'CO-AMA'),
('91536', 'PUERTO ARICA', 'CO-AMA'),
('91540', 'PUERTO NARIÑO', 'CO-AMA'),
('91669', 'PUERTO SANTANDER', 'CO-AMA'),
('91798', 'TARAPACA', 'CO-AMA'),
('94001', 'INIRIDA', 'CO-GUA'),
('94343', 'BARRANCO MINAS', 'CO-GUA'),
('94663', 'MAPIRIPANA', 'CO-GUA'),
('94883', 'SAN FELIPE', 'CO-GUA'),
('94884', 'PUERTO COLOMBIA', 'CO-GUA'),
('94885', 'LA GUADALUPE', 'CO-GUA'),
('94886', 'CACAHUAL', 'CO-GUA'),
('94887', 'PANA PANA', 'CO-GUA'),
('94888', 'MORICHAL', 'CO-GUA'),
('95001', 'SAN JOSE DEL GUAVIARE', 'CO-GUV'),
('95015', 'CALAMAR', 'CO-GUV'),
('95025', 'EL RETORNO', 'CO-GUV'),
('95200', 'MIRAFLORES', 'CO-GUV'),
('97001', 'MITU', 'CO-VAU'),
('97161', 'CARURU', 'CO-VAU'),
('97511', 'PACOA', 'CO-VAU'),
('97666', 'TARAIRA', 'CO-VAU'),
('97777', 'PAPUNAUA', 'CO-VAU'),
('97889', 'YAVARATE', 'CO-VAU'),
('99001', 'PUERTO CARREÑO', 'CO-VID'),
('99524', 'LA PRIMAVERA', 'CO-VID'),
('99624', 'SANTA ROSALIA', 'CO-VID'),
('99773', 'CUMARIBO', 'CO-VID');



INSERT INTO typesidentifications (description, sufix) VALUES
('Cédula de Ciudadanía', 'CC'),
('Tarjeta de Identidad', 'TI'),
('Cédula de Extranjería', 'CE'),
('Pasaporte', 'PA'),
('NIT', 'NIT'),
('Registro Civil', 'RC'),
('Documento Nacional de Identidad', 'DNI');


INSERT INTO categories (description) VALUES
('Restaurante'),
('Tienda de Ropa'),
('Supermercado'),
('Ferretería'),
('Joyería'),
('Librería'),
('Electrónica'),
('Farmacia'),
('Mueblería'),
('Panadería'),
('Floristería'),
('Peluquería'),
('Gimnasio'),
('Hotel'),
('Taller Mecánico');



INSERT INTO audiences (description) VALUES
('General'),
('Estudiantes'),
('Adultos Mayores'),
('Mujeres'),
('Hombres'),
('Niños'),
('Familias'),
('Profesionales'),
('Empresarios'),
('Deportistas');



INSERT INTO unitofmeasure (id, description) VALUES
(1, 'Unidad'),
(2, 'Kilogramo'),
(3, 'Gramo'),
(4, 'Litro'),
(5, 'Mililitro'),
(6, 'Metro'),
(7, 'Centímetro'),
(8, 'Paquete'),
(9, 'Caja'),
(10, 'Docena');


INSERT INTO memberships (name, description) VALUES
('Básica', 'Acceso a beneficios básicos y descuentos menores'),
('Premium', 'Descuentos exclusivos y beneficios adicionales'),
('Gold', 'Beneficios premium más acceso a eventos especiales'),
('Empresarial', 'Para empresas con múltiples usuarios y mayores beneficios'),
('VIP', 'Máximos beneficios y atención personalizada');


INSERT INTO periods (name) VALUES
('Mensual'),
('Trimestral'),
('Semestral'),
('Anual'),
('Bianual');



INSERT INTO benefits (description, detail) VALUES
('Descuento del 10%', 'Aplica en todos los productos'),
('Envío gratuito', 'En compras superiores a $100,000'),
('Acceso prioritario', 'Atención preferencial en establecimientos'),
('Regalo sorpresa', 'Obsequio mensual para miembros'),
('Eventos exclusivos', 'Invitación a eventos especiales'),
('Asesoría personalizada', 'Sesiones con expertos'),
('Garantía extendida', 'Ampliación de garantía en productos'),
('Cumpleaños especial', 'Beneficio especial en el mes de cumpleaños'),
('Puntos redimibles', 'Acumulación de puntos por compras'),
('Parking gratuito', 'En establecimientos participantes');



INSERT INTO categories_polls (name) VALUES
('Satisfacción General'),
('Calidad de Productos'),
('Atención al Cliente'),
('Ambiente del Establecimiento'),
('Relación Calidad-Precio'),
('Variedad de Productos'),
('Limpieza e Higiene'),
('Tiempos de Espera'),
('Servicio Postventa'),
('Innovación');



INSERT INTO products (name, detail, price, category_id, image, average_rating) VALUES
('Camiseta Básica', 'Camiseta de algodón 100%', 29900, 2, 'camiseta.jpg', 4.2),
('Arroz 1kg', 'Arroz blanco premium', 3500, 3, 'arroz.jpg', 4.5),
('Smartphone X', 'Último modelo con cámara 48MP', 1200000, 7, 'smartphone.jpg', 4.7),
('Juego de Herramientas', '24 piezas profesionales', 189900, 4, 'herramientas.jpg', 4.3),
('Libro de Cocina', 'Recetas internacionales', 45900, 6, 'libro.jpg', 4.1),
('Anillo de Plata', 'Diseño exclusivo', 89900, 5, 'anillo.jpg', 4.6),
('Silla Ejecutiva', 'Ergonómica con soporte lumbar', 349900, 9, 'silla.jpg', 4.4),
('Pan Integral', 'Hecho con harina integral', 8500, 10, 'pan.jpg', 4.0),
('Ramo de Rosas', '12 rosas rojas frescas', 59900, 11, 'rosas.jpg', 4.8),
('Vitaminas Complejo B', 'Suplemento vitamínico', 28900, 8, 'vitaminas.jpg', 4.2),
('Televisor 55"', '4K UHD con Smart TV', 2499000, 7, 'tv.jpg', 4.5),
('Mesa de Centro', 'Madera maciza estilo moderno', 459900, 9, 'mesa.jpg', 4.3),
('Corte de Cabello', 'Incluye lavado y peinado', 35000, 12, 'corte.jpg', 4.6),
('Membresía Gimnasio', 'Acceso ilimitado por 1 mes', 89900, 13, 'gimnasio.jpg', 4.1),
('Noche de Hotel', 'Habitación doble con desayuno', 189900, 14, 'hotel.jpg', 4.7);



INSERT INTO polls (name, description, isactive, categorypoll_id) VALUES
('Satisfacción General', 'Encuesta sobre experiencia general', TRUE, 1),
('Calidad de Productos', 'Evaluación de calidad de productos', TRUE, 2),
('Atención al Cliente', 'Opinión sobre servicio al cliente', TRUE, 3),
('Ambiente del Local', 'Percepción del ambiente físico', TRUE, 4),
('Relación Calidad-Precio', 'Evaluación de valor percibido', TRUE, 5),
('Variedad de Oferta', 'Opinión sobre variedad de productos', FALSE, 6),
('Limpieza e Higiene', 'Evaluación de limpieza del lugar', TRUE, 7),
('Tiempo de Espera', 'Satisfacción con tiempos de atención', TRUE, 8),
('Servicio Postventa', 'Experiencia con garantías y soporte', FALSE, 9),
('Innovación', 'Percepción de innovación en productos', TRUE, 10);


INSERT INTO companies (id, type_id, name, category_id, city_id, audience_id, cellphone, email) VALUES
('9001234567', 5, 'Tienda Ropa Moderna', 2, '05001', 1, '3101234567', 'contacto@ropamoderna.com'),
('8009876543', 5, 'Supermercado Ahorro', 3, '05001', 7, '3209876543', 'info@superahorro.com'),
('8901234567', 5, 'TecnoMundo', 7, '05001', 1, '3151234567', 'ventas@tecnomundo.com'),
('9012345678', 5, 'Ferretería El Constructor', 4, '05002', 1, '3172345678', 'servicio@constructor.com'),
('8123456789', 5, 'Joyería Brillante', 5, '05001', 4, '3183456789', 'joyeria@brillante.com'),
('8234567890', 5, 'Librería del Saber', 6, '05001', 2, '3194567890', 'libreria@saber.com'),
('8345678901', 5, 'Farmacia Salud Total', 8, '05001', 1, '3205678901', 'farmacia@saludtotal.com'),
('8456789012', 5, 'Muebles Elegantes', 9, '05001', 1, '3216789012', 'ventas@muebleselegantes.com'),
('8567890123', 5, 'Panadería Dulce Hogar', 10, '05001', 1, '3227890123', 'panaderia@dulcehogar.com'),
('8678901234', 5, 'Floristería Primavera', 11, '05001', 1, '3238901234', 'flores@primavera.com'),
('8789012345', 5, 'Peluquería Estilo', 12, '05001', 1, '3249012345', 'estilo@peluqueria.com'),
('8890123456', 5, 'Gimnasio Power', 13, '05001', 10, '3250123456', 'info@gimasiopower.com'),
('8901234560', 5, 'Hotel Plaza', 14, '05001', 1, '3261234560', 'reservas@hotelplaza.com'),
('9012345670', 5, 'Taller Mecánico Rápido', 15, '05001', 5, '3172345670', 'taller@rapido.com'),
('9123456780', 5, 'Restaurante Sabores', 1, '05001', 7, '3183456780', 'reservas@sabores.com');


INSERT INTO customers (name, city_id, audience_id, cellphone, email, address) VALUES
('Juan Pérez', '05001', 1, '3101111111', 'juan.perez@email.com', 'Calle 10 #20-30'),
('María Gómez', '05001', 4, '3202222222', 'maria.gomez@email.com', 'Carrera 15 #25-40'),
('Carlos López', '05002', 5, '3153333333', 'carlos.lopez@email.com', 'Avenida 30 #10-15'),
('Ana Rodríguez', '05001', 2, '3174444444', 'ana.rodriguez@email.com', 'Calle 20 #35-50'),
('Luis Martínez', '05001', 1, '3185555555', 'luis.martinez@email.com', 'Carrera 25 #40-60'),
('Sofía Ramírez', '05001', 6, '3196666666', 'sofia.ramirez@email.com', 'Avenida 40 #15-25'),
('Pedro Sánchez', '05001', 7, '3207777777', 'pedro.sanchez@email.com', 'Calle 30 #50-70'),
('Laura Torres', '05001', 3, '3218888888', 'laura.torres@email.com', 'Carrera 35 #60-80'),
('Jorge Díaz', '05001', 8, '3229999999', 'jorge.diaz@email.com', 'Avenida 50 #20-30'),
('Mónica Castro', '05001', 9, '3230000000', 'monica.castro@email.com', 'Calle 40 #70-90'),
('Ricardo Mendez', '05001', 10, '3241111111', 'ricardo.mendez@email.com', 'Carrera 45 #80-100'),
('Patricia Ruiz', '05001', 4, '3252222222', 'patricia.ruiz@email.com', 'Avenida 60 #25-35'),
('Fernando Herrera', '05001', 5, '3263333333', 'fernando.herrera@email.com', 'Calle 50 #90-110'),
('Diana Vargas', '05001', 6, '3174444444', 'diana.vargas@email.com', 'Carrera 55 #100-120'),
('Andrés Jiménez', '05001', 7, '3185555555', 'andres.jimenez@email.com', 'Avenida 70 #30-40');



INSERT INTO companyproducts (company_id, product_id, price, unimeasure_id) VALUES
('9001234567', 1, 29900, 1),
('8009876543', 2, 3500, 2),
('8901234567', 3, 1200000, 1),
('9012345678', 4, 189900, 8),
('8123456789', 6, 89900, 1),
('8234567890', 5, 45900, 1),
('8345678901', 10, 28900, 1),
('8456789012', 7, 349900, 1),
('8567890123', 8, 8500, 1),
('8678901234', 9, 59900, 1),
('8789012345', 13, 35000, 1),
('8890123456', 14, 89900, 1),
('8901234560', 15, 189900, 1),
('9012345670', 4, 199900, 8), 
('9123456780', 2, 4000, 2),    
('9001234567', 5, 47900, 1),   
('8009876543', 10, 29900, 1),  
('8901234567', 11, 2499000, 1),
('9012345678', 12, 459900, 1), 
('8123456789', 9, 65900, 1);   



INSERT INTO membershipperiods (membership_id, period_id, price) VALUES
(1, 1, 19900),   -- Básica Mensual
(1, 3, 54900),   -- Básica Semestral
(1, 4, 99900),   -- Básica Anual
(2, 1, 39900),   -- Premium Mensual
(2, 3, 109900),  -- Premium Semestral
(2, 4, 199900),  -- Premium Anual
(3, 1, 59900),   -- Gold Mensual
(3, 3, 169900),  -- Gold Semestral
(3, 4, 299900),  -- Gold Anual
(4, 1, 99900),   -- Empresarial Mensual
(4, 3, 279900),  -- Empresarial Semestral
(4, 4, 499900),  -- Empresarial Anual
(5, 1, 149900),  -- VIP Mensual
(5, 3, 419900),  -- VIP Semestral
(5, 4, 799900);  -- VIP Anual


INSERT INTO membershipbenefits (membership_id, period_id, audience_id, benefit_id) VALUES
(1, 1, 1, 1),   -- Básica: Descuento 10%
(1, 1, 1, 9),   -- Básica: Puntos redimibles
(2, 1, 1, 1),   -- Premium: Descuento 10%
(2, 1, 1, 2),   -- Premium: Envío gratuito
(2, 1, 1, 9),   -- Premium: Puntos redimibles
(3, 1, 1, 1),   -- Gold: Descuento 10%
(3, 1, 1, 2),   -- Gold: Envío gratuito
(3, 1, 1, 3),   -- Gold: Acceso prioritario
(3, 1, 1, 4),   -- Gold: Regalo sorpresa
(3, 1, 1, 9),   -- Gold: Puntos redimibles
(4, 1, 1, 1),   -- Empresarial: Descuento 10%
(4, 1, 1, 2),   -- Empresarial: Envío gratuito
(4, 1, 1, 3),   -- Empresarial: Acceso prioritario
(4, 1, 1, 5),   -- Empresarial: Eventos exclusivos
(4, 1, 1, 6),   -- Empresarial: Asesoría personalizada
(5, 1, 1, 1),   -- VIP: Descuento 10%
(5, 1, 1, 2),   -- VIP: Envío gratuito
(5, 1, 1, 3),   -- VIP: Acceso prioritario
(5, 1, 1, 4),   -- VIP: Regalo sorpresa
(5, 1, 1, 5),   -- VIP: Eventos exclusivos
(5, 1, 1, 6),   -- VIP: Asesoría personalizada
(5, 1, 1, 7),   -- VIP: Garantía extendida
(5, 1, 1, 8),   -- VIP: Cumpleaños especial
(5, 1, 1, 9),   -- VIP: Puntos redimibles
(5, 1, 1, 10);  -- VIP: Parking gratuito



INSERT INTO audiencebenefits (audience_id, benefit_id) VALUES
(2, 1),   -- Estudiantes: Descuento 10%
(2, 9),   -- Estudiantes: Puntos redimibles
(3, 1),   -- Adultos Mayores: Descuento 10%
(3, 10),  -- Adultos Mayores: Parking gratuito
(4, 4),   -- Mujeres: Regalo sorpresa
(4, 8),   -- Mujeres: Cumpleaños especial
(6, 1),   -- Niños: Descuento 10%
(6, 4),   -- Niños: Regalo sorpresa
(7, 2),   -- Familias: Envío gratuito
(7, 9),   -- Familias: Puntos redimibles
(10, 1),  -- Deportistas: Descuento 10%
(10, 3);  -- Deportistas: Acceso prioritario



INSERT INTO rates (customer_id, company_id, poll_id, daterating, rating) VALUES
(1, '9001234567', 1, '2023-01-15 10:30:00', 4.5),
(2, '8009876543', 1, '2023-01-16 11:45:00', 4.0),
(3, '8901234567', 1, '2023-01-17 14:20:00', 5.0),
(4, '9012345678', 1, '2023-01-18 09:15:00', 3.5),
(5, '8123456789', 1, '2023-01-19 16:30:00', 4.5),
(6, '8234567890', 1, '2023-01-20 12:00:00', 4.0),
(7, '8345678901', 1, '2023-01-21 10:45:00', 5.0),
(8, '8456789012', 1, '2023-01-22 15:20:00', 3.0),
(9, '8567890123', 1, '2023-01-23 08:30:00', 4.5),
(10, '8678901234', 1, '2023-01-24 17:00:00', 4.0),
(11, '8789012345', 1, '2023-01-25 13:15:00', 5.0),
(12, '8890123456', 1, '2023-01-26 11:30:00', 4.5),
(13, '8901234560', 1, '2023-01-27 14:45:00', 3.5),
(14, '9012345670', 1, '2023-01-28 09:00:00', 4.0),
(15, '9123456780', 1, '2023-01-29 18:30:00', 5.0),
(1, '9001234567', 2, '2023-02-01 10:30:00', 4.0),
(2, '8009876543', 2, '2023-02-02 11:45:00', 4.5),
(3, '8901234567', 2, '2023-02-03 14:20:00', 5.0),
(4, '9012345678', 2, '2023-02-04 09:15:00', 3.0),
(5, '8123456789', 3, '2023-02-05 16:30:00', 4.5),
(6, '8234567890', 3, '2023-02-06 12:00:00', 4.0),
(7, '8345678901', 3, '2023-02-07 10:45:00', 5.0),
(8, '8456789012', 4, '2023-02-08 15:20:00', 3.5),
(9, '8567890123', 4, '2023-02-09 08:30:00', 4.0),
(10, '8678901234', 4, '2023-02-10 17:00:00', 4.5),
(11, '8789012345', 5, '2023-02-11 13:15:00', 5.0),
(12, '8890123456', 5, '2023-02-12 11:30:00', 3.0),
(13, '8901234560', 5, '2023-02-13 14:45:00', 4.5),
(14, '9012345670', 6, '2023-02-14 09:00:00', 4.0),
(15, '9123456780', 6, '2023-02-15 18:30:00', 5.0);


INSERT INTO favorites (customer_id, company_id) VALUES
(1, '9001234567'),
(1, '8009876543'),
(2, '8901234567'),
(2, '9012345678'),
(3, '8123456789'),
(3, '8234567890'),
(4, '8345678901'),
(4, '8456789012'),
(5, '8567890123'),
(5, '8678901234'),
(6, '8789012345'),
(6, '8890123456'),
(7, '8901234560'),
(7, '9012345670'),
(8, '9123456780'),
(8, '9001234567'),
(9, '8009876543'),
(9, '8901234567'),
(10, '9012345678'),
(10, '8123456789');



INSERT INTO details_favorites (id, favorite_id, product_id) VALUES
(1, 1, 1),
(2, 1, 5),
(3, 2, 2),
(4, 2, 10),
(5, 3, 3),
(6, 3, 11),
(7, 4, 4),
(8, 4, 12),
(9, 5, 6),
(10, 5, 9),
(11, 6, 5),
(12, 6, 13),
(13, 7, 10),
(14, 7, 14),
(15, 8, 7),
(16, 8, 15),
(17, 9, 8),
(18, 9, 1),
(19, 10, 9),
(20, 10, 2);


INSERT INTO quality_products (product_id, customer_id, poll_id, company_id, daterating, rating) VALUES
(1, 1, 2, '9001234567', '2023-03-01 10:30:00', 4.5),
(2, 2, 2, '8009876543', '2023-03-02 11:45:00', 4.0),
(3, 3, 2, '8901234567', '2023-03-03 14:20:00', 5.0),
(4, 4, 2, '9012345678', '2023-03-04 09:15:00', 3.5),
(6, 5, 2, '8123456789', '2023-03-05 16:30:00', 4.5),
(5, 6, 2, '8234567890', '2023-03-06 12:00:00', 4.0),
(10, 7, 2, '8345678901', '2023-03-07 10:45:00', 5.0),
(7, 8, 2, '8456789012', '2023-03-08 15:20:00', 3.0),
(8, 9, 2, '8567890123', '2023-03-09 08:30:00', 4.5),
(9, 10, 2, '8678901234', '2023-03-10 17:00:00', 4.0),
(13, 11, 2, '8789012345', '2023-03-11 13:15:00', 5.0),
(14, 12, 2, '8890123456', '2023-03-12 11:30:00', 4.5),
(15, 13, 2, '8901234560', '2023-03-13 14:45:00', 3.5),
(4, 14, 2, '9012345670', '2023-03-14 09:00:00', 4.0),
(2, 15, 2, '9123456780', '2023-03-15 18:30:00', 5.0);